key,n_cited_in_original_dataset,n_articles_cited_in_network,source,scientificName
Dickman_AU_mammal;Phascogale tapoatafa,1,2,Dickman_AU_mammal,Phascogale tapoatafa
Doherty_references0_NA;Amblyrhynchus cristatus,2,1,Doherty_references0_NA,Amblyrhynchus cristatus
Doherty_references0_NA;Apteryx australis,4,5,Doherty_references0_NA,Apteryx australis
Doherty_references0_NA;Brachylophus vitiensis,3,4,Doherty_references0_NA,Brachylophus vitiensis
Doherty_references0_NA;Charadrius obscurus,4,5,Doherty_references0_NA,Charadrius obscurus
Doherty_references0_NA;Charadrius sanctaehelenae,3,4,Doherty_references0_NA,Charadrius sanctaehelenae
Doherty_references0_NA;Chelonoidis niger,2,3,Doherty_references0_NA,Chelonoidis niger
Doherty_references0_NA;Macrotis lagotis,5,6,Doherty_references0_NA,Macrotis lagotis
Doherty_references0_NA;Parantechinus apicalis,1,2,Doherty_references0_NA,Parantechinus apicalis
Doherty_references0_NA;Pentalagus furnessi,2,3,Doherty_references0_NA,Pentalagus furnessi
Doherty_references0_NA;Petroica traversi,2,3,Doherty_references0_NA,Petroica traversi
Doherty_references0_NA;Pezoporus occidentalis,1,2,Doherty_references0_NA,Pezoporus occidentalis
Doherty_references0_NA;Phascogale pirata,2,3,Doherty_references0_NA,Phascogale pirata
Doherty_references0_NA;Pseudomys australis,4,5,Doherty_references0_NA,Pseudomys australis
Doherty_references0_NA;Pterodroma cervicalis,1,2,Doherty_references0_NA,Pterodroma cervicalis
Doherty_references0_NA;Pterodroma sandwichensis,7,9,Doherty_references0_NA,Pterodroma sandwichensis
Doherty_references0_NA;Traversia lyalli,1,4,Doherty_references0_NA,Traversia lyalli
Garnett2010_AU_birds;Petroica multicolor,0,1,Garnett2010_AU_birds,Petroica multicolor
Garnett2020_AU_birds;Leipoa ocellata,0,1,Garnett2020_AU_birds,Leipoa ocellata
Garnett2020_AU_birds;Turnix olivii,1,2,Garnett2020_AU_birds,Turnix olivii
Hume_EX_birds;Microgoura meeki,0,1,Hume_EX_birds,Microgoura meeki
Hume_EX_birds;Traversia lyalli,6,7,Hume_EX_birds,Traversia lyalli
IUCN_references;Ameiva provitaae,0,1,IUCN_references,Ameiva provitaae
IUCN_references;Antillotyphlops monastus,0,1,IUCN_references,Antillotyphlops monastus
IUCN_references;Atelopus guanujo,0,1,IUCN_references,Atelopus guanujo
IUCN_references;Bettongia penicillata,2,1,IUCN_references,Bettongia penicillata
IUCN_references;Celatiscincus euryotis,1,2,IUCN_references,Celatiscincus euryotis
IUCN_references;Charadrius sanctaehelenae,4,5,IUCN_references,Charadrius sanctaehelenae
IUCN_references;Chasiempis ibidis,0,1,IUCN_references,Chasiempis ibidis
IUCN_references;Chilabothrus chrysogaster,1,2,IUCN_references,Chilabothrus chrysogaster
IUCN_references;Coenocorypha barrierensis,1,2,IUCN_references,Coenocorypha barrierensis
IUCN_references;Columba junoniae,3,4,IUCN_references,Columba junoniae
IUCN_references;Conolophus subcristatus,6,7,IUCN_references,Conolophus subcristatus
IUCN_references;Cyrtodactylus soba,0,1,IUCN_references,Cyrtodactylus soba
IUCN_references;Dasyurus viverrinus,2,3,IUCN_references,Dasyurus viverrinus
IUCN_references;Dierogekko nehoueensis,1,2,IUCN_references,Dierogekko nehoueensis
IUCN_references;Diplothrix legata,0,1,IUCN_references,Diplothrix legata
IUCN_references;Fringilla teydea,1,2,IUCN_references,Fringilla teydea
IUCN_references;Galvarinus chilensis,0,1,IUCN_references,Galvarinus chilensis
IUCN_references;Gongylomorphus fontenayi,6,7,IUCN_references,Gongylomorphus fontenayi
IUCN_references;Hydrobates leucorhous,0,1,IUCN_references,Hydrobates leucorhous
IUCN_references;Lanius ludovicianus,3,4,IUCN_references,Lanius ludovicianus
IUCN_references;Leipoa ocellata,0,1,IUCN_references,Leipoa ocellata
IUCN_references;Lerista puncticauda,2,3,IUCN_references,Lerista puncticauda
IUCN_references;Liolaemus martorii,0,1,IUCN_references,Liolaemus martorii
IUCN_references;Litoria raniformis,0,1,IUCN_references,Litoria raniformis
IUCN_references;Loxioides bailleui,9,10,IUCN_references,Loxioides bailleui
IUCN_references;Lygodactylus insularis,1,2,IUCN_references,Lygodactylus insularis
IUCN_references;Mimus graysoni,4,5,IUCN_references,Mimus graysoni
IUCN_references;Myrmecobius fasciatus,2,4,IUCN_references,Myrmecobius fasciatus
IUCN_references;Neotamias palmeri,0,1,IUCN_references,Neotamias palmeri
IUCN_references;Onychogalea fraenata,2,1,IUCN_references,Onychogalea fraenata
IUCN_references;Parantechinus apicalis,0,1,IUCN_references,Parantechinus apicalis
IUCN_references;Pentalagus furnessi,2,3,IUCN_references,Pentalagus furnessi
IUCN_references;Petrogale lateralis,0,1,IUCN_references,Petrogale lateralis
IUCN_references;Podomys floridanus,0,1,IUCN_references,Podomys floridanus
IUCN_references;Pseudocheirus occidentalis,2,4,IUCN_references,Pseudocheirus occidentalis
IUCN_references;Psittirostra psittacea,1,2,IUCN_references,Psittirostra psittacea
IUCN_references;Puffinus yelkouan,1,2,IUCN_references,Puffinus yelkouan
IUCN_references;Raorchestes tinniens,1,2,IUCN_references,Raorchestes tinniens
IUCN_references;Sephanoides fernandensis,5,6,IUCN_references,Sephanoides fernandensis
IUCN_references;Sphaerodactylus kirbyi,0,1,IUCN_references,Sphaerodactylus kirbyi
IUCN_references;Traversia lyalli,2,3,IUCN_references,Traversia lyalli
Medina_references0_NA;Charadrius obscurus,3,4,Medina_references0_NA,Charadrius obscurus
Medina_references0_NA;Coenocorypha aucklandica,1,2,Medina_references0_NA,Coenocorypha aucklandica
Medina_references0_NA;Mimus graysoni,3,4,Medina_references0_NA,Mimus graysoni
Medina_references0_NA;Peromyscus pseudocrinitus,2,3,Medina_references0_NA,Peromyscus pseudocrinitus
Medina_references0_NA;Pterodroma cervicalis,2,1,Medina_references0_NA,Pterodroma cervicalis
Medina_references0_NA;Puffinus mauretanicus,1,2,Medina_references0_NA,Puffinus mauretanicus
Medina_references0_NA;Traversia lyalli,2,5,Medina_references0_NA,Traversia lyalli
Medina_references0_NA;Zenaida graysoni,2,3,Medina_references0_NA,Zenaida graysoni
Opportunistic;Caledoniscincus orestes,1,0,Opportunistic,Caledoniscincus orestes
Opportunistic;Celatiscincus similis,1,0,Opportunistic,Celatiscincus similis
Opportunistic;Emoia loyaltiensis,1,0,Opportunistic,Emoia loyaltiensis
Opportunistic;Kanakysaurus zebratus,1,0,Opportunistic,Kanakysaurus zebratus
Opportunistic;Lioscincus steindachneri,1,0,Opportunistic,Lioscincus steindachneri
Opportunistic;Lioscincus vivae,1,0,Opportunistic,Lioscincus vivae
Opportunistic;Marmorosphax taom,1,0,Opportunistic,Marmorosphax taom
Radford;Conilurus albipes,0,1,Radford,Conilurus albipes
Radford;Leporillus apicalis,0,1,Radford,Leporillus apicalis
Radford;Leporillus conditor,6,5,Radford,Leporillus conditor
Radford;Mesembriomys gouldii,0,2,Radford,Mesembriomys gouldii
Radford;Phascogale calura,1,2,Radford,Phascogale calura
Radford;Phascogale pirata,1,2,Radford,Phascogale pirata
Wallach_AU_mammal_no_claim;Bettongia anhydra,0,1,Wallach_AU_mammal_no_claim,Bettongia anhydra
Wallach_AU_mammal_no_claim;Bettongia gaimardi,3,4,Wallach_AU_mammal_no_claim,Bettongia gaimardi
Wallach_AU_mammal_no_claim;Bettongia lesueur,9,11,Wallach_AU_mammal_no_claim,Bettongia lesueur
Wallach_AU_mammal_no_claim;Bettongia penicillata,11,12,Wallach_AU_mammal_no_claim,Bettongia penicillata
Wallach_AU_mammal_no_claim;Bettongia tropica,0,1,Wallach_AU_mammal_no_claim,Bettongia tropica
Wallach_AU_mammal_no_claim;Caloprymnus campestris,0,1,Wallach_AU_mammal_no_claim,Caloprymnus campestris
Wallach_AU_mammal_no_claim;Chaeropus ecaudatus,0,1,Wallach_AU_mammal_no_claim,Chaeropus ecaudatus
Wallach_AU_mammal_no_claim;Conilurus albipes,0,1,Wallach_AU_mammal_no_claim,Conilurus albipes
Wallach_AU_mammal_no_claim;Dasycercus cristicauda,6,8,Wallach_AU_mammal_no_claim,Dasycercus cristicauda
Wallach_AU_mammal_no_claim;Dasyurus geoffroii,10,11,Wallach_AU_mammal_no_claim,Dasyurus geoffroii
Wallach_AU_mammal_no_claim;Dasyurus hallucatus,9,10,Wallach_AU_mammal_no_claim,Dasyurus hallucatus
Wallach_AU_mammal_no_claim;Dasyurus viverrinus,5,7,Wallach_AU_mammal_no_claim,Dasyurus viverrinus
Wallach_AU_mammal_no_claim;Isoodon auratus,5,6,Wallach_AU_mammal_no_claim,Isoodon auratus
Wallach_AU_mammal_no_claim;Lagorchestes asomatus,0,1,Wallach_AU_mammal_no_claim,Lagorchestes asomatus
Wallach_AU_mammal_no_claim;Lagostrophus fasciatus,1,3,Wallach_AU_mammal_no_claim,Lagostrophus fasciatus
Wallach_AU_mammal_no_claim;Leporillus apicalis,0,1,Wallach_AU_mammal_no_claim,Leporillus apicalis
Wallach_AU_mammal_no_claim;Leporillus conditor,3,4,Wallach_AU_mammal_no_claim,Leporillus conditor
Wallach_AU_mammal_no_claim;Macrotis lagotis,18,21,Wallach_AU_mammal_no_claim,Macrotis lagotis
Wallach_AU_mammal_no_claim;Macrotis leucura,0,1,Wallach_AU_mammal_no_claim,Macrotis leucura
Wallach_AU_mammal_no_claim;Myrmecobius fasciatus,2,3,Wallach_AU_mammal_no_claim,Myrmecobius fasciatus
Wallach_AU_mammal_no_claim;Notomys amplus,0,1,Wallach_AU_mammal_no_claim,Notomys amplus
Wallach_AU_mammal_no_claim;Notomys fuscus,7,8,Wallach_AU_mammal_no_claim,Notomys fuscus
Wallach_AU_mammal_no_claim;Notomys longicaudatus,0,1,Wallach_AU_mammal_no_claim,Notomys longicaudatus
Wallach_AU_mammal_no_claim;Notomys macrotis,0,1,Wallach_AU_mammal_no_claim,Notomys macrotis
Wallach_AU_mammal_no_claim;Notomys mordax,0,1,Wallach_AU_mammal_no_claim,Notomys mordax
Wallach_AU_mammal_no_claim;Onychogalea fraenata,6,7,Wallach_AU_mammal_no_claim,Onychogalea fraenata
Wallach_AU_mammal_no_claim;Onychogalea lunata,0,1,Wallach_AU_mammal_no_claim,Onychogalea lunata
Wallach_AU_mammal_no_claim;Parantechinus apicalis,1,3,Wallach_AU_mammal_no_claim,Parantechinus apicalis
Wallach_AU_mammal_no_claim;Perameles bougainville,3,5,Wallach_AU_mammal_no_claim,Perameles bougainville
Wallach_AU_mammal_no_claim;Perameles eremiana,0,1,Wallach_AU_mammal_no_claim,Perameles eremiana
Wallach_AU_mammal_no_claim;Petrogale lateralis,3,4,Wallach_AU_mammal_no_claim,Petrogale lateralis
Wallach_AU_mammal_no_claim;Phascogale pirata,1,2,Wallach_AU_mammal_no_claim,Phascogale pirata
Wallach_AU_mammal_no_claim;Phascogale tapoatafa,2,3,Wallach_AU_mammal_no_claim,Phascogale tapoatafa
Wallach_AU_mammal_no_claim;Potorous tridactylus,6,7,Wallach_AU_mammal_no_claim,Potorous tridactylus
Wallach_AU_mammal_no_claim;Pseudocheirus occidentalis,1,4,Wallach_AU_mammal_no_claim,Pseudocheirus occidentalis
Wallach_AU_mammal_no_claim;Pseudomys australis,5,7,Wallach_AU_mammal_no_claim,Pseudomys australis
Wallach_AU_mammal_no_claim;Pseudomys fieldi,0,1,Wallach_AU_mammal_no_claim,Pseudomys fieldi
Wallach_AU_mammal_no_claim;Pseudomys glaucus,0,1,Wallach_AU_mammal_no_claim,Pseudomys glaucus
Wallach_AU_mammal_no_claim;Setonix brachyurus,2,3,Wallach_AU_mammal_no_claim,Setonix brachyurus
Wallach_AU_mammal_no_claim;Sminthopsis douglasi,5,7,Wallach_AU_mammal_no_claim,Sminthopsis douglasi
Web_of_Science_no_claim;Apteryx australis,2,4,Web_of_Science_no_claim,Apteryx australis
Web_of_Science_no_claim;Bettongia penicillata,13,10,Web_of_Science_no_claim,Bettongia penicillata
Web_of_Science_no_claim;Charadrius obscurus,1,2,Web_of_Science_no_claim,Charadrius obscurus
Web_of_Science_no_claim;Charadrius sanctaehelenae,2,3,Web_of_Science_no_claim,Charadrius sanctaehelenae
Web_of_Science_no_claim;Dasyurus viverrinus,11,12,Web_of_Science_no_claim,Dasyurus viverrinus
Web_of_Science_no_claim;Diomedea exulans,6,8,Web_of_Science_no_claim,Diomedea exulans
Web_of_Science_no_claim;Eurydactylodes vieillardi,0,1,Web_of_Science_no_claim,Eurydactylodes vieillardi
Web_of_Science_no_claim;Himantopus novaezelandiae,3,2,Web_of_Science_no_claim,Himantopus novaezelandiae
Web_of_Science_no_claim;Hydrobates macrodactylus,0,1,Web_of_Science_no_claim,Hydrobates macrodactylus
Web_of_Science_no_claim;Lagostrophus fasciatus,1,0,Web_of_Science_no_claim,Lagostrophus fasciatus
Web_of_Science_no_claim;Leporillus conditor,4,5,Web_of_Science_no_claim,Leporillus conditor
Web_of_Science_no_claim;Macrotis lagotis,18,17,Web_of_Science_no_claim,Macrotis lagotis
Web_of_Science_no_claim;Megadyptes antipodes,8,9,Web_of_Science_no_claim,Megadyptes antipodes
Web_of_Science_no_claim;Mesembriomys gouldii,1,0,Web_of_Science_no_claim,Mesembriomys gouldii
Web_of_Science_no_claim;Petrogale lateralis,4,5,Web_of_Science_no_claim,Petrogale lateralis
Web_of_Science_no_claim;Phalacrocorax nigrogularis,1,0,Web_of_Science_no_claim,Phalacrocorax nigrogularis
Web_of_Science_no_claim;Phascogale pirata,1,2,Web_of_Science_no_claim,Phascogale pirata
Web_of_Science_no_claim;Potorous tridactylus,8,9,Web_of_Science_no_claim,Potorous tridactylus
Web_of_Science_no_claim;Pteropus melanotus,1,0,Web_of_Science_no_claim,Pteropus melanotus
Web_of_Science_no_claim;Puffinus huttoni,1,0,Web_of_Science_no_claim,Puffinus huttoni
Web_of_Science_no_claim;Puffinus newelli,1,0,Web_of_Science_no_claim,Puffinus newelli
Web_of_Science_no_claim;Salanoia concolor,2,3,Web_of_Science_no_claim,Salanoia concolor
Web_of_Science_no_claim;Setonix brachyurus,2,3,Web_of_Science_no_claim,Setonix brachyurus
Web_of_Science_no_claim;Sphaerodactylus kirbyi,1,0,Web_of_Science_no_claim,Sphaerodactylus kirbyi
Web_of_Science_no_claim;Zenaida graysoni,1,2,Web_of_Science_no_claim,Zenaida graysoni
Woinarski_AU_mammal;Parantechinus apicalis,2,3,Woinarski_AU_mammal,Parantechinus apicalis
Woinarski_AU_mammal;Phascogale pirata,1,2,Woinarski_AU_mammal,Phascogale pirata
