cited_by_id,scientificName,distance_to_terminus,article_id
(Doherty et al. 2016) core source_claim,Cyclura cychlura,1,(Alberts 2000) core source_EXCLUDE_NA_No claim
(Doherty et al. 2016) core source_claim,Neophema chrysogaster,1,(Garnett et al. 2011) core source_EXCLUDE_NA_No claim
(IUCN 2025) core source_claim,Onychogalea lunata,1,(Dickman 1996b) core source_EXCLUDE_NA_No claim
(IUCN 2025) core source_claim,Perameles eremiana,1,(Dickman 1996b) core source_EXCLUDE_NA_No claim
(IUCN 2025) core source_claim,Macrotis leucura,1,(Dickman 1996b) core source_EXCLUDE_NA_No claim
(IUCN 2025) core source_claim,Gallinula nesiotis,1,(Hume 2017) core source_EXCLUDE_NA_No claim
(Welch & Leppanen 2017) core source_claim,Pteropus melanotus,1,(IUCN 2025) core source_EXCLUDE_NA_No claim
(Woinarski et al. 2014) core source_claim,Caloprymnus campestris,1,(Dickman 1996b) core source_EXCLUDE_NA_No claim
(Woinarski et al. 2014) core source_claim,Notomys macrotis,1,(Dickman 1996b) core source_EXCLUDE_NA_No claim
(Woinarski et al. 2014) core source_claim,Notomys mordax,1,(Dickman 1996b) core source_EXCLUDE_NA_No claim
(Woinarski et al. 2014) core source_claim,Notomys robustus,1,(Dickman 1996b) core source_EXCLUDE_NA_No claim
(Woinarski et al. 2014) core source_claim,Onychogalea lunata,1,(Dickman 1996b) core source_EXCLUDE_NA_No claim
(Woinarski et al. 2014) core source_claim,Perameles eremiana,1,(Dickman 1996b) core source_EXCLUDE_NA_No claim
(Woinarski et al. 2014) core source_claim,Pseudomys auritus,1,(Dickman 1996b) core source_EXCLUDE_NA_No claim
(Woinarski et al. 2014) core source_claim,Pseudomys glaucus,1,(Dickman 1996b) core source_EXCLUDE_NA_No claim
(Woinarski et al. 2014) core source_claim,Macrotis leucura,1,(Dickman 1996b) core source_EXCLUDE_NA_No claim
(Doherty et al. 2016) core source_claim,Reithrodontomys raviventris,1,(IUCN 2025) core source_INCLUDE_NA_Predation in support_no_no
(Doherty et al. 2016) core source_claim,Pezophaps solitaria,2,(Hume 2017) core source_INCLUDE_NA_Population in support_yes_no
(Doherty et al. 2016) core source_claim,Cyclura collei,1,(Alberts 2000) core source_INCLUDE_NA_Predation in support_no_no
(Doherty et al. 2016) core source_claim,Cyclura lewisi,1,(IUCN 2025) core source_INCLUDE_NA_Predation in support_no_no
(Doherty et al. 2016) core source_claim,Cyclura pinguis,1,(IUCN 2025) core source_INCLUDE_NA_Predation in support_no_no
(Doherty et al. 2016) core source_claim,Pezoporus occidentalis,1,(Garnett et al. 2011) core source_INCLUDE_NA_Population in support_no_no
(Doherty et al. 2016) core source_claim,Pezoporus occidentalis,1,(Garnett et al. 2011) core source_INCLUDE_NA_Predation in support_no_no
(Doherty et al. 2016) core source_claim,Brachylophus vitiensis,1,(IUCN 2025) core source_INCLUDE_NA_Predation in support_no_no
(Doherty et al. 2016) core source_claim,Brachylophus vitiensis,1,(IUCN 2025) core source_INCLUDE_NA_Population in support_no_no
(Doherty et al. 2016) core source_claim,Nesoenas duboisi,2,(Hume 2017) core source_INCLUDE_NA_Population in support_yes_no
(Doherty et al. 2016) core source_claim,Coenocorypha barrierensis,1,(IUCN 2025) core source_INCLUDE_NA_Population not in support_no_no
(Doherty et al. 2016) core source_claim,Crotalus catalinensis,1,(IUCN 2025) core source_INCLUDE_NA_Predation in support_no_no
(Doherty et al. 2016) core source_claim,Gallinula nesiotis,2,(Hume 2017) core source_EXCLUDE_NA_No claim
(Doherty et al. 2016) core source_claim,Mundia elpenor,2,(Hume 2017) core source_INCLUDE_NA_Population not in support_yes_no
(Doherty et al. 2016) core source_claim,Numenius tahitiensis,1,(IUCN 2025) core source_INCLUDE_NA_Predation in support_no_no
(Doherty et al. 2016) core source_claim,Zenaida graysoni,1,(IUCN 2025) core source_INCLUDE_NA_Population not in support_yes_no
(Doherty et al. 2016) core source_claim,Caloprymnus campestris,2,(Dickman 1996b) core source_EXCLUDE_NA_No claim
(Doherty et al. 2016) core source_claim,Macrotis leucura,2,(Dickman 1996b) core source_EXCLUDE_NA_No claim
(Doherty et al. 2016) core source_claim,Notomys macrotis,2,(Dickman 1996b) core source_EXCLUDE_NA_No claim
(Doherty et al. 2016) core source_claim,Notomys mordax,2,(Dickman 1996b) core source_EXCLUDE_NA_No claim
(Doherty et al. 2016) core source_claim,Onychogalea lunata,2,(Dickman 1996b) core source_EXCLUDE_NA_No claim
(Doherty et al. 2016) core source_claim,Perameles eremiana,2,(Dickman 1996b) core source_EXCLUDE_NA_No claim
(Doherty et al. 2016) core source_claim,Pseudomys glaucus,2,(Dickman 1996b) core source_EXCLUDE_NA_No claim
(Garnett & Baker 2021) core source_claim,Leipoa ocellata,1,(Garnett & Baker 2021) core source_INCLUDE_NA_Predation in support_no_no
(Garnett & Baker 2021) core source_claim,Turnix olivii,1,(Garnett & Baker 2021) core source_INCLUDE_NA_Predation not in support_no_no
(Garnett et al. 2011) core source_claim,Petroica multicolor,1,(Garnett et al. 2011) core source_INCLUDE_NA_Predation in support_no_no
(Hume 2017) core source_claim,Microgoura meeki,1,(Hume 2017) core source_INCLUDE_NA_Predation in support_no_no
(Hume 2017) core source_claim,Pterodroma rupinarum,1,(Hume 2017) core source_INCLUDE_NA_Population not in support_yes_no
(IUCN 2025) core source_claim,Cyclura carinata,1,(Alberts 2000) core source_INCLUDE_NA_Population in support_yes_yes
(IUCN 2025) core source_claim,Sauromalus klauberi,1,(IUCN 2025) core source_INCLUDE_NA_Population not in support_no_no
(IUCN 2025) core source_claim,Sephanoides fernandensis,1,(IUCN 2025) core source_INCLUDE_NA_Predation in support_no_no
(IUCN 2025) core source_claim,Fringilla teydea,1,(IUCN 2025) core source_INCLUDE_NA_Predation in support_no_no
(IUCN 2025) core source_claim,Columba junoniae,1,(IUCN 2025) core source_INCLUDE_NA_Predation in support_no_no
(IUCN 2025) core source_claim,Mundia elpenor,1,(Hume 2017) core source_INCLUDE_NA_Population not in support_yes_no
(IUCN 2025) core source_claim,Nesoenas duboisi,1,(Hume 2017) core source_INCLUDE_NA_Population in support_yes_no
(IUCN 2025) core source_claim,Pezophaps solitaria,1,(Hume 2017) core source_INCLUDE_NA_Population in support_yes_no
(IUCN 2025) core source_claim,Traversia lyalli,1,(Hume 2017) core source_INCLUDE_NA_Predation in support_no_no
(IUCN 2025) core source_claim,Traversia lyalli,1,(Hume 2017) core source_INCLUDE_NA_Population in support_no_no
(IUCN 2025) core source_claim,Ameiva provitaae,1,(IUCN 2025) core source_INCLUDE_NA_Predation in support_no_no
(IUCN 2025) core source_claim,Antillotyphlops monastus,1,(IUCN 2025) core source_INCLUDE_NA_Predation in support_no_no
(IUCN 2025) core source_claim,Atelopus guanujo,1,(IUCN 2025) core source_INCLUDE_NA_Predation in support_no_no
(IUCN 2025) core source_claim,Chalinolobus neocaledonicus,1,(IUCN 2025) core source_INCLUDE_NA_Predation in support_no_no
(IUCN 2025) core source_claim,Chilabothrus chrysogaster,1,(IUCN 2025) core source_INCLUDE_NA_Predation in support_no_no
(IUCN 2025) core source_claim,Cnemaspis thachanaensis,1,(IUCN 2025) core source_INCLUDE_NA_Predation in support_no_no
(IUCN 2025) core source_claim,Coenocorypha barrierensis,1,(IUCN 2025) core source_INCLUDE_NA_Population not in support_no_no
(IUCN 2025) core source_claim,Cyrtodactylus soba,1,(IUCN 2025) core source_INCLUDE_NA_Predation in support_no_no
(IUCN 2025) core source_claim,Dasyurus spartacus,1,(IUCN 2025) core source_INCLUDE_NA_Predation in support_no_no
(IUCN 2025) core source_claim,Diplothrix legata,1,(IUCN 2025) core source_INCLUDE_NA_Predation in support_no_no
(IUCN 2025) core source_claim,Hydrobates leucorhous,1,(IUCN 2025) core source_INCLUDE_NA_Predation in support_no_no
(IUCN 2025) core source_claim,Leipoa ocellata,1,(IUCN 2025) core source_INCLUDE_NA_Predation in support_no_no
(IUCN 2025) core source_claim,Lerista puncticauda,1,(IUCN 2025) core source_INCLUDE_NA_Predation in support_no_no
(IUCN 2025) core source_claim,Liolaemus martorii,1,(IUCN 2025) core source_INCLUDE_NA_Predation in support_no_no
(IUCN 2025) core source_claim,Liolaemus paulinae,1,(IUCN 2025) core source_INCLUDE_NA_Predation in support_no_no
(IUCN 2025) core source_claim,Litoria raniformis,1,(IUCN 2025) core source_INCLUDE_NA_Predation in support_no_no
(IUCN 2025) core source_claim,Lygodactylus insularis,1,(IUCN 2025) core source_INCLUDE_NA_Predation in support_no_no
(IUCN 2025) core source_claim,Mimus graysoni,1,(IUCN 2025) core source_INCLUDE_NA_Population not in support_yes_no
(IUCN 2025) core source_claim,Parantechinus apicalis,1,(IUCN 2025) core source_INCLUDE_NA_Predation in support_no_no
(IUCN 2025) core source_claim,Pentalagus furnessi,1,(IUCN 2025) core source_INCLUDE_NA_Predation in support_no_no
(IUCN 2025) core source_claim,Pentalagus furnessi,1,(IUCN 2025) core source_INCLUDE_NA_Population in support_no_no
(IUCN 2025) core source_claim,Petrogale lateralis,1,(IUCN 2025) core source_INCLUDE_NA_Predation in support_no_no
(IUCN 2025) core source_claim,Psittirostra psittacea,1,(IUCN 2025) core source_INCLUDE_NA_Predation in support_no_no
(IUCN 2025) core source_claim,Raorchestes primarrumpfi,1,(IUCN 2025) core source_INCLUDE_NA_Predation in support_no_no
(IUCN 2025) core source_claim,Raorchestes tinniens,1,(IUCN 2025) core source_INCLUDE_NA_Predation in support_no_no
(Medina et al. 2011) core source_claim,Cyclura collei,1,(Alberts 2000) core source_INCLUDE_NA_Predation in support_no_no
(Radford et al. 2018) core source_claim,Conilurus albipes,1,(Radford et al. 2018) core source_INCLUDE_NA_Population not in support_yes_no
(Radford et al. 2018) core source_claim,Notomys macrotis,2,(Dickman 1996b) core source_EXCLUDE_NA_No claim
(Radford et al. 2018) core source_claim,Notomys mordax,2,(Dickman 1996b) core source_EXCLUDE_NA_No claim
(Radford et al. 2018) core source_claim,Notomys robustus,2,(Dickman 1996b) core source_EXCLUDE_NA_No claim
(Radford et al. 2018) core source_claim,Pseudomys auritus,2,(Dickman 1996b) core source_EXCLUDE_NA_No claim
(Radford et al. 2018) core source_claim,Pseudomys glaucus,2,(Dickman 1996b) core source_EXCLUDE_NA_No claim
(Woinarski et al. 2014) core source_claim,Parantechinus apicalis,1,(Woinarski et al. 2014) core source_INCLUDE_NA_Predation in support_no_no
