cited_by_id,from_key,article_id,to_key,edge_type,scientificName,encounter_method,source_year,article_year
(IUCN 2025) core source_claim,(IUCN 2025) core source | Cryptoblepharus egeriae,(Andrew et al. 2018)_EXCLUDE_1_Opinion claim_NA_NA,(Andrew et al. 2018) | Cryptoblepharus egeriae,citation,Cryptoblepharus egeriae,core_sources,2016,2018
(IUCN 2025) core source_claim,(IUCN 2025) core source | Lepidodactylus listeri,(Andrew et al. 2018)_EXCLUDE_1_Opinion claim_NA_NA,(Andrew et al. 2018) | Lepidodactylus listeri,citation,Lepidodactylus listeri,core_sources,2016,2018
(Medina et al. 2011) core source_claim,(Medina et al. 2011) core source | Puffinus mauretanicus,(Arcos 2011)_EXCLUDE_0_Inaccessible_NA_NA,(Arcos 2011) | Puffinus mauretanicus,citation,Puffinus mauretanicus,core_sources,2009,2011
(IUCN 2025) core source_claim,(IUCN 2025) core source | Setonix brachyurus,(Bain et al. 2015)_INCLUDE_NA_Population not in support_yes_yes,(Bain et al. 2015) | Setonix brachyurus,citation,Setonix brachyurus,core_sources,2011,2015
(IUCN 2025) core source_claim,(IUCN 2025) core source | Setonix brachyurus,(Bain et al. 2020)_EXCLUDE_1_Opinion claim_NA_NA,(Bain et al. 2020) | Setonix brachyurus,citation,Setonix brachyurus,core_sources,2011,2020
(IUCN 2025) core source_claim,(IUCN 2025) core source | Setonix brachyurus,(Bain et al. 2023)_EXCLUDE_1_No claim_NA_NA,(Bain et al. 2023) | Setonix brachyurus,citation,Setonix brachyurus,core_sources,2011,2023
(Banko et al. 2002b)_EXCLUDE_1_Opinion claim_NA_NA,(Banko et al. 2002b) | Loxioides bailleui,(Banko et al. 2020)_EXCLUDE_0_Inaccessible_NA_NA,(Banko et al. 2020) | Loxioides bailleui,citation,Loxioides bailleui,snowball,2002,2020
(IUCN 2025) core source_claim,(IUCN 2025) core source | Amerotyphlops tasymicris,(Bentz et al. 2011)_EXCLUDE_1_Opinion claim_NA_NA,(Bentz et al. 2011) | Amerotyphlops tasymicris,citation,Amerotyphlops tasymicris,core_sources,2010,2011
(IUCN 2025) core source_claim,(IUCN 2025) core source | Sphaerodactylus kirbyi,(Bentz et al. 2011)_EXCLUDE_1_Opinion claim_NA_NA,(Bentz et al. 2011) | Sphaerodactylus kirbyi,citation,Sphaerodactylus kirbyi,core_sources,2010,2011
(Guo et al. 2020)_EXCLUDE_1_Opinion claim_NA_NA,(Guo et al. 2020) | Eurostopodus nigripennis,(BirdLife International 2023)_EXCLUDE_0_Opinion claim_NA_NA,(BirdLife International 2023) | Eurostopodus nigripennis,citation,Eurostopodus nigripennis,snowball,2020,2023
(IUCN 2025) core source_claim,(IUCN 2025) core source | Ctenotus serotinus,(Chapple et al. 2024)_EXCLUDE_0_No claim_NA_NA,(Chapple et al. 2024) | Ctenotus serotinus,citation,Ctenotus serotinus,core_sources,2016,2024
(Dickman 1996b) core source_claim,(Dickman 1996b) core source | Bettongia lesueur,(Christensen & Burrows 1995)_INCLUDE_NA_Predation in support_no_no,(Christensen & Burrows 1995) | Bettongia lesueur,citation,Bettongia lesueur,core_sources,1994,1995
(Dickman 1996b) core source_claim,(Dickman 1996b) core source | Isoodon auratus,(Christensen & Burrows 1995)_INCLUDE_NA_Predation not in support_no_no,(Christensen & Burrows 1995) | Isoodon auratus,citation,Isoodon auratus,core_sources,1994,1995
(Doherty et al. 2016) core source_claim,(Doherty et al. 2016) core source | Didunculus strigirostris,(Collar 2015)_EXCLUDE_1_Opinion claim_NA_NA,(Collar 2015) | Didunculus strigirostris,citation,Didunculus strigirostris,core_sources,2014,2015
(Radford et al. 2018) core source_claim,(Radford et al. 2018) core source | Conilurus penicillatus,(Davies et al. 2017)_INCLUDE_NA_Population in support_yes_no,(Davies et al. 2017) | Conilurus penicillatus,citation,Conilurus penicillatus,core_sources,2016,2017
(IUCN 2025) core source_claim,(IUCN 2025) core source | Sternula nereis,(Dunlop 2018)_EXCLUDE_0_Opinion claim_NA_NA,(Dunlop 2018) | Sternula nereis,citation,Sternula nereis,core_sources,2017,2018
(IUCN 2025) core source_claim,(IUCN 2025) core source | Mimus melanotis,(Dvorak et al. 2020)_EXCLUDE_1_No claim_NA_NA,(Dvorak et al. 2020) | Mimus melanotis,citation,Mimus melanotis,core_sources,2019,2020
(IUCN 2025) core source_claim,(IUCN 2025) core source | Liopholis guthega,(Environment 2025)_EXCLUDE_0_Opinion claim_NA_NA,(Environment 2025) | Liopholis guthega,citation,Liopholis guthega,core_sources,2016,2025
(IUCN 2025) core source_claim,(IUCN 2025) core source | Eliomys quercinus,(Famira-Parcsetich et al. 2024)_INCLUDE_NA_Predation in support_no_no,(Famira-Parcsetich et al. 2024) | Eliomys quercinus,citation,Eliomys quercinus,core_sources,2022,2024
(IUCN 2025) core source_claim,(IUCN 2025) core source | Salanoia concolor,(Farris et al. 2015b)_EXCLUDE_0_Inaccessible_NA_NA,(Farris et al. 2015b) | Salanoia concolor,citation,Salanoia concolor,core_sources,2014,2015
(IUCN 2025) core source_claim,(IUCN 2025) core source | Eupleres goudotii,(Farris et al. 2016)_EXCLUDE_0_Inaccessible_NA_NA,(Farris et al. 2016) | Eupleres goudotii,citation,Eupleres goudotii,core_sources,2014,2016
(IUCN 2025) core source_claim,(IUCN 2025) core source | Brachylophus gau,(Fisher et al. 2019)_EXCLUDE_0_No claim_NA_NA,(Fisher et al. 2019) | Brachylophus gau,citation,Brachylophus gau,core_sources,2018,2019
(Wallach & Lundgren 2025)_external review without claim,(Wallach & Lundgren 2025) | Macrotis lagotis,(Geyle et al. 2024)_INCLUDE_NA_Population not in support_yes_no,(Geyle et al. 2024) | Macrotis lagotis,citation,Macrotis lagotis,core_sources,2022,2024
(Glen et al. 2009)_EXCLUDE_1_No claim_NA_NA,(Glen et al. 2009) | Dasyurus geoffroii,(Glen et al. 2010)_INCLUDE_NA_Predation in support_no_no,(Glen et al. 2010) | Dasyurus geoffroii,citation,Dasyurus geoffroii,snowball,2009,2010
(Doherty et al. 2016) core source_claim,(Doherty et al. 2016) core source | Notomys fuscus,(Gordon et al. 2015)_INCLUDE_NA_Population not in support_yes_yes,(Gordon et al. 2015) | Notomys fuscus,citation,Notomys fuscus,core_sources,2014,2015
(IUCN 2025) core source_claim,(IUCN 2025) core source | Lanius ludovicianus,(Gustafson 2020)_EXCLUDE_0_Opinion claim_NA_NA,(Gustafson 2020) | Lanius ludovicianus,citation,Lanius ludovicianus,core_sources,2019,2020
(Doherty et al. 2016) core source_claim,(Doherty et al. 2016) core source | Acrocephalus aequinoctialis,(IUCN 2025) core source_claim,(IUCN 2025) core source | Acrocephalus aequinoctialis,citation,Acrocephalus aequinoctialis,core_sources,2014,2018
(VanderWerf et al. 2016)_EXCLUDE_1_Opinion claim_NA_NA,(VanderWerf et al. 2016) | Acrocephalus aequinoctialis,(IUCN 2025) core source_claim,(IUCN 2025) core source | Acrocephalus aequinoctialis,citation,Acrocephalus aequinoctialis,snowball,2016,2018
(Doherty et al. 2016) core source_claim,(Doherty et al. 2016) core source | Acrocephalus vaughani,(IUCN 2025) core source_claim,(IUCN 2025) core source | Acrocephalus vaughani,citation,Acrocephalus vaughani,core_sources,2014,2019
(Doherty et al. 2016) core source_claim,(Doherty et al. 2016) core source | Aegotheles savesi,(IUCN 2025) core source_claim,(IUCN 2025) core source | Aegotheles savesi,citation,Aegotheles savesi,core_sources,2014,2015
(Doherty et al. 2016) core source_claim,(Doherty et al. 2016) core source | Algyroides marchi,(IUCN 2025) core source_claim,(IUCN 2025) core source | Algyroides marchi,citation,Algyroides marchi,core_sources,2014,2021
(Doherty et al. 2016) core source_claim,(Doherty et al. 2016) core source | Amblyrhynchus cristatus,(IUCN 2025) core source_claim,(IUCN 2025) core source | Amblyrhynchus cristatus,citation,Amblyrhynchus cristatus,core_sources,2014,2018
(Doherty et al. 2016) core source_claim,(Doherty et al. 2016) core source | Anarhynchus frontalis,(IUCN 2025) core source_claim,(IUCN 2025) core source | Anarhynchus frontalis,citation,Anarhynchus frontalis,core_sources,2014,2017
(Doherty et al. 2016) core source_claim,(Doherty et al. 2016) core source | Anthornis melanocephala,(IUCN 2025) core source_claim,(IUCN 2025) core source | Anthornis melanocephala,citation,Anthornis melanocephala,core_sources,2014,2022
(Doherty et al. 2016) core source_claim,(Doherty et al. 2016) core source | Aphanapteryx bonasia,(IUCN 2025) core source_claim,(IUCN 2025) core source | Aphanapteryx bonasia,citation,Aphanapteryx bonasia,core_sources,2014,2023
(Doherty et al. 2016) core source_claim,(Doherty et al. 2016) core source | Aphelocoma coerulescens,(IUCN 2025) core source_claim,(IUCN 2025) core source | Aphelocoma coerulescens,citation,Aphelocoma coerulescens,core_sources,2014,2019
(Doherty et al. 2016) core source_claim,(Doherty et al. 2016) core source | Aplonis santovestris,(IUCN 2025) core source_claim,(IUCN 2025) core source | Aplonis santovestris,citation,Aplonis santovestris,core_sources,2014,2016
(Doherty et al. 2016) core source_claim,(Doherty et al. 2016) core source | Apteryx australis,(IUCN 2025) core source_claim,(IUCN 2025) core source | Apteryx australis,citation,Apteryx australis,core_sources,2014,2021
(Doherty et al. 2016) core source_claim,(Doherty et al. 2016) core source | Apteryx haastii,(IUCN 2025) core source_claim,(IUCN 2025) core source | Apteryx haastii,citation,Apteryx haastii,core_sources,2014,2021
(Doherty et al. 2016) core source_claim,(Doherty et al. 2016) core source | Apteryx mantelli,(IUCN 2025) core source_claim,(IUCN 2025) core source | Apteryx mantelli,citation,Apteryx mantelli,core_sources,2014,2016
(Doherty et al. 2016) core source_claim,(Doherty et al. 2016) core source | Ardenna creatopus,(IUCN 2025) core source_claim,(IUCN 2025) core source | Ardenna creatopus,citation,Ardenna creatopus,core_sources,2014,2017
(Doherty et al. 2016) core source_claim,(Doherty et al. 2016) core source | Cabalus modestus,(IUCN 2025) core source_claim,(IUCN 2025) core source | Cabalus modestus,citation,Cabalus modestus,core_sources,2014,2022
(Doherty et al. 2016) core source_claim,(Doherty et al. 2016) core source | Caledoniscincus auratus,(IUCN 2025) core source_claim,(IUCN 2025) core source | Caledoniscincus auratus,citation,Caledoniscincus auratus,core_sources,2014,2016
(Doherty et al. 2016) core source_claim,(Doherty et al. 2016) core source | Caledoniscincus chazeaui,(IUCN 2025) core source_claim,(IUCN 2025) core source | Caledoniscincus chazeaui,citation,Caledoniscincus chazeaui,core_sources,2014,2016
(Doherty et al. 2016) core source_claim,(Doherty et al. 2016) core source | Caledoniscincus orestes,(IUCN 2025) core source_claim,(IUCN 2025) core source | Caledoniscincus orestes,citation,Caledoniscincus orestes,core_sources,2014,2016
(Doherty et al. 2016) core source_claim,(Doherty et al. 2016) core source | Caledoniscincus renevieri,(IUCN 2025) core source_claim,(IUCN 2025) core source | Caledoniscincus renevieri,citation,Caledoniscincus renevieri,core_sources,2014,2016
(Doherty et al. 2016) core source_claim,(Doherty et al. 2016) core source | Celatiscincus similis,(IUCN 2025) core source_claim,(IUCN 2025) core source | Celatiscincus similis,citation,Celatiscincus similis,core_sources,2014,2016
(Doherty et al. 2016) core source_claim,(Doherty et al. 2016) core source | Chalinolobus tuberculatus,(IUCN 2025) core source_claim,(IUCN 2025) core source | Chalinolobus tuberculatus,citation,Chalinolobus tuberculatus,core_sources,2014,2019
(Doherty et al. 2016) core source_claim,(Doherty et al. 2016) core source | Chasiempis sclateri,(IUCN 2025) core source_claim,(IUCN 2025) core source | Chasiempis sclateri,citation,Chasiempis sclateri,core_sources,2014,2022
(Doherty et al. 2016) core source_claim,(Doherty et al. 2016) core source | Coccyzus ferrugineus,(IUCN 2025) core source_claim,(IUCN 2025) core source | Coccyzus ferrugineus,citation,Coccyzus ferrugineus,core_sources,2014,2019
(Doherty et al. 2016) core source_claim,(Doherty et al. 2016) core source | Coenocorypha iredalei,(IUCN 2025) core source_claim,(IUCN 2025) core source | Coenocorypha iredalei,citation,Coenocorypha iredalei,core_sources,2014,2022
(Doherty et al. 2016) core source_claim,(Doherty et al. 2016) core source | Coenocorypha pusilla,(IUCN 2025) core source_claim,(IUCN 2025) core source | Coenocorypha pusilla,citation,Coenocorypha pusilla,core_sources,2014,2021
(Doherty et al. 2016) core source_claim,(Doherty et al. 2016) core source | Coleura seychellensis,(IUCN 2025) core source_claim,(IUCN 2025) core source | Coleura seychellensis,citation,Coleura seychellensis,core_sources,2014,2015
(Doherty et al. 2016) core source_claim,(Doherty et al. 2016) core source | Columba versicolor,(IUCN 2025) core source_claim,(IUCN 2025) core source | Columba versicolor,citation,Columba versicolor,core_sources,2014,2022
(Doherty et al. 2016) core source_claim,(Doherty et al. 2016) core source | Corvus hawaiiensis,(IUCN 2025) core source_claim,(IUCN 2025) core source | Corvus hawaiiensis,citation,Corvus hawaiiensis,core_sources,2014,2015
(Doherty et al. 2016) core source_claim,(Doherty et al. 2016) core source | Corvus kubaryi,(IUCN 2025) core source_claim,(IUCN 2025) core source | Corvus kubaryi,citation,Corvus kubaryi,core_sources,2014,2017
(Doherty et al. 2016) core source_claim,(Doherty et al. 2016) core source | Coturnix novaezelandiae,(IUCN 2025) core source_claim,(IUCN 2025) core source | Coturnix novaezelandiae,citation,Coturnix novaezelandiae,core_sources,2014,2022
(Doherty et al. 2016) core source_claim,(Doherty et al. 2016) core source | Crocidura canariensis,(IUCN 2025) core source_claim,(IUCN 2025) core source | Crocidura canariensis,citation,Crocidura canariensis,core_sources,2014,2021
(Doherty et al. 2016) core source_claim,(Doherty et al. 2016) core source | Ctenosaura bakeri,(IUCN 2025) core source_claim,(IUCN 2025) core source | Ctenosaura bakeri,citation,Ctenosaura bakeri,core_sources,2014,2017
(Doherty et al. 2016) core source_claim,(Doherty et al. 2016) core source | Cyanoramphus forbesi,(IUCN 2025) core source_claim,(IUCN 2025) core source | Cyanoramphus forbesi,citation,Cyanoramphus forbesi,core_sources,2014,2021
(Doherty et al. 2016) core source_claim,(Doherty et al. 2016) core source | Cyclura collei,(IUCN 2025) core source_claim,(IUCN 2025) core source | Cyclura collei,citation,Cyclura collei,core_sources,2014,2020
(Doherty et al. 2016) core source_claim,(Doherty et al. 2016) core source | Cyclura cornuta,(IUCN 2025) core source_claim,(IUCN 2025) core source | Cyclura cornuta,citation,Cyclura cornuta,core_sources,2014,2017
(Medina et al. 2011) core source_claim,(Medina et al. 2011) core source | Cyclura cornuta,(IUCN 2025) core source_claim,(IUCN 2025) core source | Cyclura cornuta,citation,Cyclura cornuta,core_sources,2009,2017
(Doherty et al. 2016) core source_claim,(Doherty et al. 2016) core source | Dendrocygna arborea,(IUCN 2025) core source_claim,(IUCN 2025) core source | Dendrocygna arborea,citation,Dendrocygna arborea,core_sources,2014,2018
(Doherty et al. 2016) core source_claim,(Doherty et al. 2016) core source | Didunculus strigirostris,(IUCN 2025) core source_claim,(IUCN 2025) core source | Didunculus strigirostris,citation,Didunculus strigirostris,core_sources,2014,2015
(Doherty et al. 2016) core source_claim,(Doherty et al. 2016) core source | Dierogekko inexpectatus,(IUCN 2025) core source_claim,(IUCN 2025) core source | Dierogekko inexpectatus,citation,Dierogekko inexpectatus,core_sources,2014,2016
(Doherty et al. 2016) core source_claim,(Doherty et al. 2016) core source | Dierogekko kaalaensis,(IUCN 2025) core source_claim,(IUCN 2025) core source | Dierogekko kaalaensis,citation,Dierogekko kaalaensis,core_sources,2014,2016
(Doherty et al. 2016) core source_claim,(Doherty et al. 2016) core source | Dierogekko koniambo,(IUCN 2025) core source_claim,(IUCN 2025) core source | Dierogekko koniambo,citation,Dierogekko koniambo,core_sources,2014,2016
(Doherty et al. 2016) core source_claim,(Doherty et al. 2016) core source | Dierogekko nehoueensis,(IUCN 2025) core source_claim,(IUCN 2025) core source | Dierogekko nehoueensis,citation,Dierogekko nehoueensis,core_sources,2014,2016
(Doherty et al. 2016) core source_claim,(Doherty et al. 2016) core source | Dierogekko poumensis,(IUCN 2025) core source_claim,(IUCN 2025) core source | Dierogekko poumensis,citation,Dierogekko poumensis,core_sources,2014,2016
(Doherty et al. 2016) core source_claim,(Doherty et al. 2016) core source | Dierogekko thomaswhitei,(IUCN 2025) core source_claim,(IUCN 2025) core source | Dierogekko thomaswhitei,citation,Dierogekko thomaswhitei,core_sources,2014,2016
(Doherty et al. 2016) core source_claim,(Doherty et al. 2016) core source | Dierogekko validiclavis,(IUCN 2025) core source_claim,(IUCN 2025) core source | Dierogekko validiclavis,citation,Dierogekko validiclavis,core_sources,2014,2016
(Doherty et al. 2016) core source_claim,(Doherty et al. 2016) core source | Diomedea exulans,(IUCN 2025) core source_claim,(IUCN 2025) core source | Diomedea exulans,citation,Diomedea exulans,core_sources,2014,2017
(Doherty et al. 2016) core source_claim,(Doherty et al. 2016) core source | Diomedea sanfordi,(IUCN 2025) core source_claim,(IUCN 2025) core source | Diomedea sanfordi,citation,Diomedea sanfordi,core_sources,2014,2017
(Doherty et al. 2016) core source_claim,(Doherty et al. 2016) core source | Dryolimnas augusti,(IUCN 2025) core source_claim,(IUCN 2025) core source | Dryolimnas augusti,citation,Dryolimnas augusti,core_sources,2014,2023
(Doherty et al. 2016) core source_claim,(Doherty et al. 2016) core source | Dysmorodrepanis munroi,(IUCN 2025) core source_claim,(IUCN 2025) core source | Dysmorodrepanis munroi,citation,Dysmorodrepanis munroi,core_sources,2014,2022
(Doherty et al. 2016) core source_claim,(Doherty et al. 2016) core source | Emoia loyaltiensis,(IUCN 2025) core source_claim,(IUCN 2025) core source | Emoia loyaltiensis,citation,Emoia loyaltiensis,core_sources,2014,2016
(Doherty et al. 2016) core source_claim,(Doherty et al. 2016) core source | Eurostopodus exul,(IUCN 2025) core source_claim,(IUCN 2025) core source | Eurostopodus exul,citation,Eurostopodus exul,core_sources,2014,2017
(Doherty et al. 2016) core source_claim,(Doherty et al. 2016) core source | Eurydactylodes occidentalis,(IUCN 2025) core source_claim,(IUCN 2025) core source | Eurydactylodes occidentalis,citation,Eurydactylodes occidentalis,core_sources,2014,2016
(Doherty et al. 2016) core source_claim,(Doherty et al. 2016) core source | Eurydactylodes symmetricus,(IUCN 2025) core source_claim,(IUCN 2025) core source | Eurydactylodes symmetricus,citation,Eurydactylodes symmetricus,core_sources,2014,2016
(Doherty et al. 2016) core source_claim,(Doherty et al. 2016) core source | Fregata aquila,(IUCN 2025) core source_claim,(IUCN 2025) core source | Fregata aquila,citation,Fregata aquila,core_sources,2014,2017
(Doherty et al. 2016) core source_claim,(Doherty et al. 2016) core source | Gallinula nesiotis,(IUCN 2025) core source_claim,(IUCN 2025) core source | Gallinula nesiotis,citation,Gallinula nesiotis,core_sources,2014,2023
(Doherty et al. 2016) core source_claim,(Doherty et al. 2016) core source | Gallirallus lafresnayanus,(IUCN 2025) core source_claim,(IUCN 2025) core source | Gallirallus lafresnayanus,citation,Gallirallus lafresnayanus,core_sources,2014,2015
(Doherty et al. 2016) core source_claim,(Doherty et al. 2016) core source | Goniurosaurus kuroiwae,(IUCN 2025) core source_claim,(IUCN 2025) core source | Goniurosaurus kuroiwae,citation,Goniurosaurus kuroiwae,core_sources,2014,2015
(Doherty et al. 2016) core source_claim,(Doherty et al. 2016) core source | Gymnomyza aubryana,(IUCN 2025) core source_claim,(IUCN 2025) core source | Gymnomyza aubryana,citation,Gymnomyza aubryana,core_sources,2014,2017
(Doherty et al. 2016) core source_claim,(Doherty et al. 2016) core source | Haematopus meadewaldoi,(IUCN 2025) core source_claim,(IUCN 2025) core source | Haematopus meadewaldoi,citation,Haematopus meadewaldoi,core_sources,2014,2020
(Doherty et al. 2016) core source_claim,(Doherty et al. 2016) core source | Henicophaps foersteri,(IUCN 2025) core source_claim,(IUCN 2025) core source | Henicophaps foersteri,citation,Henicophaps foersteri,core_sources,2014,2017
(Doherty et al. 2016) core source_claim,(Doherty et al. 2016) core source | Hypotaenidia dieffenbachii,(IUCN 2025) core source_claim,(IUCN 2025) core source | Hypotaenidia dieffenbachii,citation,Hypotaenidia dieffenbachii,core_sources,2014,2022
(Doherty et al. 2016) core source_claim,(Doherty et al. 2016) core source | Hypotaenidia okinawae,(IUCN 2025) core source_claim,(IUCN 2025) core source | Hypotaenidia okinawae,citation,Hypotaenidia okinawae,core_sources,2014,2019
(Doherty et al. 2016) core source_claim,(Doherty et al. 2016) core source | Hypotaenidia owstoni,(IUCN 2025) core source_claim,(IUCN 2025) core source | Hypotaenidia owstoni,citation,Hypotaenidia owstoni,core_sources,2014,2018
(Doherty et al. 2016) core source_claim,(Doherty et al. 2016) core source | Hypotaenidia pacifica,(IUCN 2025) core source_claim,(IUCN 2025) core source | Hypotaenidia pacifica,citation,Hypotaenidia pacifica,core_sources,2014,2022
(Doherty et al. 2016) core source_claim,(Doherty et al. 2016) core source | Hypotaenidia poeciloptera,(IUCN 2025) core source_claim,(IUCN 2025) core source | Hypotaenidia poeciloptera,citation,Hypotaenidia poeciloptera,core_sources,2014,2022
(Doherty et al. 2016) core source_claim,(Doherty et al. 2016) core source | Icterus northropi,(IUCN 2025) core source_claim,(IUCN 2025) core source | Icterus northropi,citation,Icterus northropi,core_sources,2014,2020
(Doherty et al. 2016) core source_claim,(Doherty et al. 2016) core source | Kanakysaurus viviparus,(IUCN 2025) core source_claim,(IUCN 2025) core source | Kanakysaurus viviparus,citation,Kanakysaurus viviparus,core_sources,2014,2016
(Doherty et al. 2016) core source_claim,(Doherty et al. 2016) core source | Kanakysaurus zebratus,(IUCN 2025) core source_claim,(IUCN 2025) core source | Kanakysaurus zebratus,citation,Kanakysaurus zebratus,core_sources,2014,2016
(Doherty et al. 2016) core source_claim,(Doherty et al. 2016) core source | Lacertoides pardalis,(IUCN 2025) core source_claim,(IUCN 2025) core source | Lacertoides pardalis,citation,Lacertoides pardalis,core_sources,2014,2016
(Doherty et al. 2016) core source_claim,(Doherty et al. 2016) core source | Larus bulleri,(IUCN 2025) core source_claim,(IUCN 2025) core source | Larus bulleri,citation,Larus bulleri,core_sources,2014,2019
(Doherty et al. 2016) core source_claim,(Doherty et al. 2016) core source | Larus fuliginosus,(IUCN 2025) core source_claim,(IUCN 2025) core source | Larus fuliginosus,citation,Larus fuliginosus,core_sources,2014,2017
(Doherty et al. 2016) core source_claim,(Doherty et al. 2016) core source | Laterallus spilonota,(IUCN 2025) core source_claim,(IUCN 2025) core source | Laterallus spilonota,citation,Laterallus spilonota,core_sources,2014,2019
(Doherty et al. 2016) core source_claim,(Doherty et al. 2016) core source | Leptotila wellsi,(IUCN 2025) core source_claim,(IUCN 2025) core source | Leptotila wellsi,citation,Leptotila wellsi,core_sources,2014,2020
(Doherty et al. 2016) core source_claim,(Doherty et al. 2016) core source | Lioscincus steindachneri,(IUCN 2025) core source_claim,(IUCN 2025) core source | Lioscincus steindachneri,citation,Lioscincus steindachneri,core_sources,2014,2016
(Doherty et al. 2016) core source_claim,(Doherty et al. 2016) core source | Lioscincus vivae,(IUCN 2025) core source_claim,(IUCN 2025) core source | Lioscincus vivae,citation,Lioscincus vivae,core_sources,2014,2016
(Doherty et al. 2016) core source_claim,(Doherty et al. 2016) core source | Loxops coccineus,(IUCN 2025) core source_claim,(IUCN 2025) core source | Loxops coccineus,citation,Loxops coccineus,core_sources,2014,2021
(Doherty et al. 2016) core source_claim,(Doherty et al. 2016) core source | Macrotarsomys ingens,(IUCN 2025) core source_claim,(IUCN 2025) core source | Macrotarsomys ingens,citation,Macrotarsomys ingens,core_sources,2014,2015
(Doherty et al. 2016) core source_claim,(Doherty et al. 2016) core source | Marmorosphax kaala,(IUCN 2025) core source_claim,(IUCN 2025) core source | Marmorosphax kaala,citation,Marmorosphax kaala,core_sources,2014,2016
(Doherty et al. 2016) core source_claim,(Doherty et al. 2016) core source | Marmorosphax montana,(IUCN 2025) core source_claim,(IUCN 2025) core source | Marmorosphax montana,citation,Marmorosphax montana,core_sources,2014,2016
(Doherty et al. 2016) core source_claim,(Doherty et al. 2016) core source | Marmorosphax taom,(IUCN 2025) core source_claim,(IUCN 2025) core source | Marmorosphax taom,citation,Marmorosphax taom,core_sources,2014,2016
(Woinarski et al. 2014) core source_claim,(Woinarski et al. 2014) core source | Mastacomys fuscus,(IUCN 2025) core source_claim,(IUCN 2025) core source | Mastacomys fuscus,citation,Mastacomys fuscus,core_sources,2013,2014
(Doherty et al. 2016) core source_claim,(Doherty et al. 2016) core source | Megapodius bernsteinii,(IUCN 2025) core source_claim,(IUCN 2025) core source | Megapodius bernsteinii,citation,Megapodius bernsteinii,core_sources,2014,2020
(Doherty et al. 2016) core source_claim,(Doherty et al. 2016) core source | Megapodius nicobariensis,(IUCN 2025) core source_claim,(IUCN 2025) core source | Megapodius nicobariensis,citation,Megapodius nicobariensis,core_sources,2014,2020
(Doherty et al. 2016) core source_claim,(Doherty et al. 2016) core source | Melamprosops phaeosoma,(IUCN 2025) core source_claim,(IUCN 2025) core source | Melamprosops phaeosoma,citation,Melamprosops phaeosoma,core_sources,2014,2018
(Doherty et al. 2016) core source_claim,(Doherty et al. 2016) core source | Mergus australis,(IUCN 2025) core source_claim,(IUCN 2025) core source | Mergus australis,citation,Mergus australis,core_sources,2014,2022
(Doherty et al. 2016) core source_claim,(Doherty et al. 2016) core source | Microgoura meeki,(IUCN 2025) core source_claim,(IUCN 2025) core source | Microgoura meeki,citation,Microgoura meeki,core_sources,2014,2022
(Doherty et al. 2016) core source_claim,(Doherty et al. 2016) core source | Mimus melanotis,(IUCN 2025) core source_claim,(IUCN 2025) core source | Mimus melanotis,citation,Mimus melanotis,core_sources,2014,2019
(Doherty et al. 2016) core source_claim,(Doherty et al. 2016) core source | Mimus trifasciatus,(IUCN 2025) core source_claim,(IUCN 2025) core source | Mimus trifasciatus,citation,Mimus trifasciatus,core_sources,2014,2017
(Doherty et al. 2016) core source_claim,(Doherty et al. 2016) core source | Mundia elpenor,(IUCN 2025) core source_EXCLUDE_NA_No claim,(IUCN 2025) core source | Mundia elpenor,citation,Mundia elpenor,core_sources,2014,2023
(Doherty et al. 2016) core source_claim,(Doherty et al. 2016) core source | Mysateles prehensilis,(IUCN 2025) core source_claim,(IUCN 2025) core source | Mysateles prehensilis,citation,Mysateles prehensilis,core_sources,2014,2023
(Doherty et al. 2016) core source_claim,(Doherty et al. 2016) core source | Neotamias palmeri,(IUCN 2025) core source_claim,(IUCN 2025) core source | Neotamias palmeri,citation,Neotamias palmeri,core_sources,2014,2015
(Doherty et al. 2016) core source_claim,(Doherty et al. 2016) core source | Nesillas aldabrana,(IUCN 2025) core source_claim,(IUCN 2025) core source | Nesillas aldabrana,citation,Nesillas aldabrana,core_sources,2014,2023
(Doherty et al. 2016) core source_claim,(Doherty et al. 2016) core source | Nesoenas duboisi,(IUCN 2025) core source_claim,(IUCN 2025) core source | Nesoenas duboisi,citation,Nesoenas duboisi,core_sources,2014,2023
(Doherty et al. 2016) core source_claim,(Doherty et al. 2016) core source | Nesoenas mayeri,(IUCN 2025) core source_claim,(IUCN 2025) core source | Nesoenas mayeri,citation,Nesoenas mayeri,core_sources,2014,2019
(Doherty et al. 2016) core source_claim,(Doherty et al. 2016) core source | Nesofregetta fuliginosa,(IUCN 2025) core source_claim,(IUCN 2025) core source | Nesofregetta fuliginosa,citation,Nesofregetta fuliginosa,core_sources,2014,2017
(Doherty et al. 2016) core source_claim,(Doherty et al. 2016) core source | Nestor notabilis,(IUCN 2025) core source_claim,(IUCN 2025) core source | Nestor notabilis,citation,Nestor notabilis,core_sources,2014,2016
(Doherty et al. 2016) core source_claim,(Doherty et al. 2016) core source | Nyctanassa carcinocatactes,(IUCN 2025) core source_claim,(IUCN 2025) core source | Nyctanassa carcinocatactes,citation,Nyctanassa carcinocatactes,core_sources,2014,2021
(Doherty et al. 2016) core source_claim,(Doherty et al. 2016) core source | Oedodera marmorata,(IUCN 2025) core source_claim,(IUCN 2025) core source | Oedodera marmorata,citation,Oedodera marmorata,core_sources,2014,2016
(Doherty et al. 2016) core source_claim,(Doherty et al. 2016) core source | Otus insularis,(IUCN 2025) core source_claim,(IUCN 2025) core source | Otus insularis,citation,Otus insularis,core_sources,2014,2019
(Doherty et al. 2016) core source_claim,(Doherty et al. 2016) core source | Palmeria dolei,(IUCN 2025) core source_claim,(IUCN 2025) core source | Palmeria dolei,citation,Palmeria dolei,core_sources,2014,2019
(Doherty et al. 2016) core source_claim,(Doherty et al. 2016) core source | Pareudiastes pacificus,(IUCN 2025) core source_claim,(IUCN 2025) core source | Pareudiastes pacificus,citation,Pareudiastes pacificus,core_sources,2014,2015
(Doherty et al. 2016) core source_claim,(Doherty et al. 2016) core source | Perochirus ateles,(IUCN 2025) core source_claim,(IUCN 2025) core source | Perochirus ateles,citation,Perochirus ateles,core_sources,2014,2015
(Doherty et al. 2016) core source_claim,(Doherty et al. 2016) core source | Peromyscus interparietalis,(IUCN 2025) core source_claim,(IUCN 2025) core source | Peromyscus interparietalis,citation,Peromyscus interparietalis,core_sources,2014,2016
(Doherty et al. 2016) core source_claim,(Doherty et al. 2016) core source | Peromyscus pseudocrinitus,(IUCN 2025) core source_claim,(IUCN 2025) core source | Peromyscus pseudocrinitus,citation,Peromyscus pseudocrinitus,core_sources,2014,2016
(Doherty et al. 2016) core source_claim,(Doherty et al. 2016) core source | Peromyscus sejugis,(IUCN 2025) core source_claim,(IUCN 2025) core source | Peromyscus sejugis,citation,Peromyscus sejugis,core_sources,2014,2016
(Doherty et al. 2016) core source_claim,(Doherty et al. 2016) core source | Pezophaps solitaria,(IUCN 2025) core source_EXCLUDE_NA_No claim,(IUCN 2025) core source | Pezophaps solitaria,citation,Pezophaps solitaria,core_sources,2014,2023
(Doherty et al. 2016) core source_claim,(Doherty et al. 2016) core source | Pitta superba,(IUCN 2025) core source_claim,(IUCN 2025) core source | Pitta superba,citation,Pitta superba,core_sources,2014,2021
(Doherty et al. 2016) core source_claim,(Doherty et al. 2016) core source | Podarcis lilfordi,(IUCN 2025) core source_claim,(IUCN 2025) core source | Podarcis lilfordi,citation,Podarcis lilfordi,core_sources,2014,2021
(Doherty et al. 2016) core source_claim,(Doherty et al. 2016) core source | Pomarea dimidiata,(IUCN 2025) core source_claim,(IUCN 2025) core source | Pomarea dimidiata,citation,Pomarea dimidiata,core_sources,2014,2017
(Doherty et al. 2016) core source_claim,(Doherty et al. 2016) core source | Pomarea fluxa,(IUCN 2025) core source_claim,(IUCN 2025) core source | Pomarea fluxa,citation,Pomarea fluxa,core_sources,2014,2022
(Doherty et al. 2016) core source_claim,(Doherty et al. 2016) core source | Pomarea mendozae,(IUCN 2025) core source_claim,(IUCN 2025) core source | Pomarea mendozae,citation,Pomarea mendozae,core_sources,2014,2021
(Doherty et al. 2016) core source_claim,(Doherty et al. 2016) core source | Pomarea whitneyi,(IUCN 2025) core source_claim,(IUCN 2025) core source | Pomarea whitneyi,citation,Pomarea whitneyi,core_sources,2014,2017
(Doherty et al. 2016) core source_claim,(Doherty et al. 2016) core source | Porphyrio paepae,(IUCN 2025) core source_claim,(IUCN 2025) core source | Porphyrio paepae,citation,Porphyrio paepae,core_sources,2014,2022
(Doherty et al. 2016) core source_claim,(Doherty et al. 2016) core source | Procellaria aequinoctialis,(IUCN 2025) core source_claim,(IUCN 2025) core source | Procellaria aequinoctialis,citation,Procellaria aequinoctialis,core_sources,2014,2017
(Doherty et al. 2016) core source_claim,(Doherty et al. 2016) core source | Prosobonia cancellata,(IUCN 2025) core source_claim,(IUCN 2025) core source | Prosobonia cancellata,citation,Prosobonia cancellata,core_sources,2014,2022
(Hume 2017) core source_claim,(Hume 2017) core source | Prosobonia cancellata,(IUCN 2025) core source_claim,(IUCN 2025) core source | Prosobonia cancellata,citation,Prosobonia cancellata,core_sources,2016,2022
(Doherty et al. 2016) core source_claim,(Doherty et al. 2016) core source | Prosobonia parvirostris,(IUCN 2025) core source_claim,(IUCN 2025) core source | Prosobonia parvirostris,citation,Prosobonia parvirostris,core_sources,2014,2022
(Doherty et al. 2016) core source_claim,(Doherty et al. 2016) core source | Pseudobulweria aterrima,(IUCN 2025) core source_claim,(IUCN 2025) core source | Pseudobulweria aterrima,citation,Pseudobulweria aterrima,core_sources,2014,2017
(Bird et al. 2014)_EXCLUDE_1_Opinion claim_NA_NA,(Bird et al. 2014) | Pseudobulweria becki,(IUCN 2025) core source_claim,(IUCN 2025) core source | Pseudobulweria becki,citation,Pseudobulweria becki,snowball,2014,2017
(Doherty et al. 2016) core source_claim,(Doherty et al. 2016) core source | Pseudobulweria becki,(IUCN 2025) core source_claim,(IUCN 2025) core source | Pseudobulweria becki,citation,Pseudobulweria becki,core_sources,2014,2017
(Woinarski et al. 2014) core source_claim,(Woinarski et al. 2014) core source | Pseudomys fumeus,(IUCN 2025) core source_claim,(IUCN 2025) core source | Pseudomys fumeus,citation,Pseudomys fumeus,core_sources,2013,2014
(Doherty et al. 2016) core source_claim,(Doherty et al. 2016) core source | Pterodroma alba,(IUCN 2025) core source_claim,(IUCN 2025) core source | Pterodroma alba,citation,Pterodroma alba,core_sources,2014,2019
(Doherty et al. 2016) core source_claim,(Doherty et al. 2016) core source | Pterodroma arminjoniana,(IUCN 2025) core source_claim,(IUCN 2025) core source | Pterodroma arminjoniana,citation,Pterodroma arminjoniana,core_sources,2014,2017
(Doherty et al. 2016) core source_claim,(Doherty et al. 2016) core source | Pterodroma baraui,(IUCN 2025) core source_claim,(IUCN 2025) core source | Pterodroma baraui,citation,Pterodroma baraui,core_sources,2014,2017
(Doherty et al. 2016) core source_claim,(Doherty et al. 2016) core source | Pterodroma brevipes,(IUCN 2025) core source_claim,(IUCN 2025) core source | Pterodroma brevipes,citation,Pterodroma brevipes,core_sources,2014,2017
(Doherty et al. 2016) core source_claim,(Doherty et al. 2016) core source | Pterodroma defilippiana,(IUCN 2025) core source_claim,(IUCN 2025) core source | Pterodroma defilippiana,citation,Pterodroma defilippiana,core_sources,2014,2017
(Doherty et al. 2016) core source_claim,(Doherty et al. 2016) core source | Pterodroma externa,(IUCN 2025) core source_claim,(IUCN 2025) core source | Pterodroma externa,citation,Pterodroma externa,core_sources,2014,2017
(Doherty et al. 2016) core source_claim,(Doherty et al. 2016) core source | Pterodroma leucoptera,(IUCN 2025) core source_claim,(IUCN 2025) core source | Pterodroma leucoptera,citation,Pterodroma leucoptera,core_sources,2014,2017
(Doherty et al. 2016) core source_claim,(Doherty et al. 2016) core source | Pterodroma longirostris,(IUCN 2025) core source_claim,(IUCN 2025) core source | Pterodroma longirostris,citation,Pterodroma longirostris,core_sources,2014,2018
(Doherty et al. 2016) core source_claim,(Doherty et al. 2016) core source | Pterodroma sandwichensis,(IUCN 2025) core source_claim,(IUCN 2025) core source | Pterodroma sandwichensis,citation,Pterodroma sandwichensis,core_sources,2014,2017
(Welch & Leppanen 2017) core source_claim,(Welch & Leppanen 2017) core source | Pteropus melanotus,(IUCN 2025) core source_EXCLUDE_NA_No claim,(IUCN 2025) core source | Pteropus melanotus,citation,Pteropus melanotus,core_sources,2015,2020
(Doherty et al. 2016) core source_claim,(Doherty et al. 2016) core source | Ptilinopus mercierii,(IUCN 2025) core source_claim,(IUCN 2025) core source | Ptilinopus mercierii,citation,Ptilinopus mercierii,core_sources,2014,2022
(Doherty et al. 2016) core source_claim,(Doherty et al. 2016) core source | Puffinus heinrothi,(IUCN 2025) core source_claim,(IUCN 2025) core source | Puffinus heinrothi,citation,Puffinus heinrothi,core_sources,2014,2017
(Doherty et al. 2016) core source_claim,(Doherty et al. 2016) core source | Puffinus newelli,(IUCN 2025) core source_claim,(IUCN 2025) core source | Puffinus newelli,citation,Puffinus newelli,core_sources,2014,2018
(Doherty et al. 2016) core source_claim,(Doherty et al. 2016) core source | Reithrodontomys spectabilis,(IUCN 2025) core source_claim,(IUCN 2025) core source | Reithrodontomys spectabilis,citation,Reithrodontomys spectabilis,core_sources,2014,2016
(Doherty et al. 2016) core source_claim,(Doherty et al. 2016) core source | Scolopax mira,(IUCN 2025) core source_claim,(IUCN 2025) core source | Scolopax mira,citation,Scolopax mira,core_sources,2014,2015
(Doherty et al. 2016) core source_claim,(Doherty et al. 2016) core source | Sigaloseps ruficauda,(IUCN 2025) core source_claim,(IUCN 2025) core source | Sigaloseps ruficauda,citation,Sigaloseps ruficauda,core_sources,2014,2016
(Woinarski et al. 2014) core source_claim,(Woinarski et al. 2014) core source | Sminthopsis douglasi,(IUCN 2025) core source_claim,(IUCN 2025) core source | Sminthopsis douglasi,citation,Sminthopsis douglasi,core_sources,2013,2014
(Doherty et al. 2016) core source_claim,(Doherty et al. 2016) core source | Solenodon marcanoi,(IUCN 2025) core source_claim,(IUCN 2025) core source | Solenodon marcanoi,citation,Solenodon marcanoi,core_sources,2014,2017
(Doherty et al. 2016) core source_claim,(Doherty et al. 2016) core source | Spheniscus demersus,(IUCN 2025) core source_claim,(IUCN 2025) core source | Spheniscus demersus,citation,Spheniscus demersus,core_sources,2014,2023
(Doherty et al. 2016) core source_claim,(Doherty et al. 2016) core source | Synthliboramphus scrippsi,(IUCN 2025) core source_claim,(IUCN 2025) core source | Synthliboramphus scrippsi,citation,Synthliboramphus scrippsi,core_sources,2014,2019
(Doherty et al. 2016) core source_claim,(Doherty et al. 2016) core source | Synthliboramphus wumizusume,(IUCN 2025) core source_claim,(IUCN 2025) core source | Synthliboramphus wumizusume,citation,Synthliboramphus wumizusume,core_sources,2014,2017
(Doherty et al. 2016) core source_claim,(Doherty et al. 2016) core source | Todiramphus cinnamominus,(IUCN 2025) core source_claim,(IUCN 2025) core source | Todiramphus cinnamominus,citation,Todiramphus cinnamominus,core_sources,2014,2023
(Doherty et al. 2016) core source_claim,(Doherty et al. 2016) core source | Toxostoma guttatum,(IUCN 2025) core source_claim,(IUCN 2025) core source | Toxostoma guttatum,citation,Toxostoma guttatum,core_sources,2014,2019
(Doherty et al. 2016) core source_claim,(Doherty et al. 2016) core source | Tropidoscincus aubrianus,(IUCN 2025) core source_claim,(IUCN 2025) core source | Tropidoscincus aubrianus,citation,Tropidoscincus aubrianus,core_sources,2014,2016
(Doherty et al. 2016) core source_claim,(Doherty et al. 2016) core source | Turdus celaenops,(IUCN 2025) core source_claim,(IUCN 2025) core source | Turdus celaenops,citation,Turdus celaenops,core_sources,2014,2017
(Doherty et al. 2016) core source_claim,(Doherty et al. 2016) core source | Turnagra tanagra,(IUCN 2025) core source_claim,(IUCN 2025) core source | Turnagra tanagra,citation,Turnagra tanagra,core_sources,2014,2022
(Doherty et al. 2016) core source_claim,(Doherty et al. 2016) core source | Vini kuhlii,(IUCN 2025) core source_claim,(IUCN 2025) core source | Vini kuhlii,citation,Vini kuhlii,core_sources,2014,2022
(Doherty et al. 2016) core source_claim,(Doherty et al. 2016) core source | Vini peruviana,(IUCN 2025) core source_claim,(IUCN 2025) core source | Vini peruviana,citation,Vini peruviana,core_sources,2014,2020
(Doherty et al. 2016) core source_claim,(Doherty et al. 2016) core source | Zapornia sandwichensis,(IUCN 2025) core source_claim,(IUCN 2025) core source | Zapornia sandwichensis,citation,Zapornia sandwichensis,core_sources,2014,2022
(Doherty et al. 2016) core source_claim,(Doherty et al. 2016) core source | Zoothera terrestris,(IUCN 2025) core source_claim,(IUCN 2025) core source | Zoothera terrestris,citation,Zoothera terrestris,core_sources,2014,2022
(Doherty et al. 2016) core source_claim,(Doherty et al. 2016) core source | Zoothera turipavae,(IUCN 2025) core source_claim,(IUCN 2025) core source | Zoothera turipavae,citation,Zoothera turipavae,core_sources,2014,2023
(IUCN 2025) core source_claim,(IUCN 2025) core source | Pezoporus occidentalis,(Leseberg et al. 2021)_EXCLUDE_1_Opinion claim_NA_NA,(Leseberg et al. 2021) | Pezoporus occidentalis,citation,Pezoporus occidentalis,core_sources,2020,2021
(IUCN 2025) core source_claim,(IUCN 2025) core source | Sylvilagus mansuetus,(Lorenzo et al. 2018a)_EXCLUDE_?_Inaccessible_NA_NA,(Lorenzo et al. 2018a) | Sylvilagus mansuetus,citation,Sylvilagus mansuetus,core_sources,2015,2018
(IUCN 2025) core source_claim,(IUCN 2025) core source | Sylvilagus mansuetus,(Lorenzo et al. 2018b)_EXCLUDE_0_Inaccessible_NA_NA,(Lorenzo et al. 2018b) | Sylvilagus mansuetus,citation,Sylvilagus mansuetus,core_sources,2015,2018
(Rodríguez-Estrella et al. 1991)_INCLUDE_NA_Predation in support_no_no,(Rodríguez-Estrella et al. 1991) | Zenaida graysoni,(Martınez-Gomez et al. 2001)_INCLUDE_NA_Population not in support_yes_no,(Martınez-Gomez et al. 2001) | Zenaida graysoni,citation,Zenaida graysoni,snowball,1991,2001
(Rodríguez-Estrella et al. 1991)_EXCLUDE_?_Opinion claim_NA_NA,(Rodríguez-Estrella et al. 1991) | Zenaida graysoni,(Martınez-Gomez et al. 2001)_INCLUDE_NA_Population not in support_yes_no,(Martınez-Gomez et al. 2001) | Zenaida graysoni,citation,Zenaida graysoni,snowball,1991,2001
(IUCN 2025) core source_claim,(IUCN 2025) core source | Mastacomys fuscus,(Milner et al. 2015)_EXCLUDE_0_No claim_NA_NA,(Milner et al. 2015) | Mastacomys fuscus,citation,Mastacomys fuscus,core_sources,2014,2015
(Medina et al. 2011) core source_claim,(Medina et al. 2011) core source | Coenocorypha barrierensis,(Miskelly & Baker 2010)_EXCLUDE_1_No claim_NA_NA,(Miskelly & Baker 2010) | Coenocorypha barrierensis,citation,Coenocorypha barrierensis,core_sources,2009,2010
(Wallach & Lundgren 2025)_external review without claim,(Wallach & Lundgren 2025) | Macrotis lagotis,(Moore et al. 2024)_INCLUDE_NA_Population not in support_yes_yes,(Moore et al. 2024) | Macrotis lagotis,citation,Macrotis lagotis,core_sources,2022,2024
(Doherty et al. 2016) core source_claim,(Doherty et al. 2016) core source | Macrotis lagotis,(Moseby et al. 2015)_INCLUDE_NA_Predation in support_no_no,(Moseby et al. 2015) | Macrotis lagotis,citation,Macrotis lagotis,core_sources,2014,2015
(Doherty et al. 2016) core source_claim,(Doherty et al. 2016) core source | Macrotis lagotis,(Moseby et al. 2015)_INCLUDE_NA_Predation not in support_no_no,(Moseby et al. 2015) | Macrotis lagotis,citation,Macrotis lagotis,core_sources,2014,2015
(Wallach & Lundgren 2025)_external review without claim,(Wallach & Lundgren 2025) | Conilurus penicillatus,(Neave et al. 2024)_INCLUDE_NA_Population in support_yes_no,(Neave et al. 2024) | Conilurus penicillatus,citation,Conilurus penicillatus,core_sources,2022,2024
(Doherty et al. 2016) core source_claim,(Doherty et al. 2016) core source | Anas chlorotis,(O’Donnell et al. 2015)_EXCLUDE_1_Opinion claim_NA_NA,(O’Donnell et al. 2015) | Anas chlorotis,citation,Anas chlorotis,core_sources,2014,2015
(Doherty et al. 2016) core source_claim,(Doherty et al. 2016) core source | Cabalus modestus,(O’Donnell et al. 2015)_EXCLUDE_1_Opinion claim_NA_NA,(O’Donnell et al. 2015) | Cabalus modestus,citation,Cabalus modestus,core_sources,2014,2015
(IUCN 2025) core source_claim,(IUCN 2025) core source | Caledoniscincus orestes,(Palmas et al. 2017)_INCLUDE_NA_Predation in support_no_no,(Palmas et al. 2017) | Caledoniscincus orestes,citation,Caledoniscincus orestes,core_sources,2016,2017
(IUCN 2025) core source_claim,(IUCN 2025) core source | Celatiscincus similis,(Palmas et al. 2017)_INCLUDE_NA_Predation in support_no_no,(Palmas et al. 2017) | Celatiscincus similis,citation,Celatiscincus similis,core_sources,2016,2017
(IUCN 2025) core source_claim,(IUCN 2025) core source | Dierogekko poumensis,(Palmas et al. 2017)_EXCLUDE_1_No claim_NA_NA,(Palmas et al. 2017) | Dierogekko poumensis,citation,Dierogekko poumensis,core_sources,2016,2017
(IUCN 2025) core source_claim,(IUCN 2025) core source | Emoia loyaltiensis,(Palmas et al. 2017)_INCLUDE_NA_Predation in support_no_no,(Palmas et al. 2017) | Emoia loyaltiensis,citation,Emoia loyaltiensis,core_sources,2016,2017
(IUCN 2025) core source_claim,(IUCN 2025) core source | Kanakysaurus zebratus,(Palmas et al. 2017)_INCLUDE_NA_Predation in support_no_no,(Palmas et al. 2017) | Kanakysaurus zebratus,citation,Kanakysaurus zebratus,core_sources,2016,2017
(IUCN 2025) core source_claim,(IUCN 2025) core source | Lioscincus steindachneri,(Palmas et al. 2017)_INCLUDE_NA_Predation in support_no_no,(Palmas et al. 2017) | Lioscincus steindachneri,citation,Lioscincus steindachneri,core_sources,2016,2017
(IUCN 2025) core source_claim,(IUCN 2025) core source | Lioscincus vivae,(Palmas et al. 2017)_INCLUDE_NA_Predation in support_no_no,(Palmas et al. 2017) | Lioscincus vivae,citation,Lioscincus vivae,core_sources,2016,2017
(IUCN 2025) core source_claim,(IUCN 2025) core source | Marmorosphax taom,(Palmas et al. 2017)_INCLUDE_NA_Predation in support_no_no,(Palmas et al. 2017) | Marmorosphax taom,citation,Marmorosphax taom,core_sources,2016,2017
(IUCN 2025) core source_claim,(IUCN 2025) core source | Nannoscincus hanchisteus,(Palmas et al. 2017)_INCLUDE_NA_Predation in support_no_no,(Palmas et al. 2017) | Nannoscincus hanchisteus,citation,Nannoscincus hanchisteus,core_sources,2016,2017
(IUCN 2025) core source_claim,(IUCN 2025) core source | Dasyurus viverrinus,(Peacock & Abbott 2014)_INCLUDE_NA_Predation not in support_no_no,(Peacock & Abbott 2014) | Dasyurus viverrinus,citation,Dasyurus viverrinus,core_sources,2013,2014
(IUCN 2025) core source_claim,(IUCN 2025) core source | Dasyurus viverrinus,(Peacock & Abbott 2014)_INCLUDE_NA_Predation in support_no_no,(Peacock & Abbott 2014) | Dasyurus viverrinus,citation,Dasyurus viverrinus,core_sources,2013,2014
(IUCN 2025) core source_claim,(IUCN 2025) core source | Dasycercus cristicauda,(Pedler et al. 2016)_INCLUDE_NA_Population in support_yes_no,(Pedler et al. 2016) | Dasycercus cristicauda,citation,Dasycercus cristicauda,core_sources,2013,2016
(IUCN 2025) core source_claim,(IUCN 2025) core source | Zyzomys palatalis,(Puckey et al. 2023)_EXCLUDE_0_Opinion claim_NA_NA,(Puckey et al. 2023) | Zyzomys palatalis,citation,Zyzomys palatalis,core_sources,2014,2023
(IUCN 2025) core source_claim,(IUCN 2025) core source | Megapodius laperouse,(Radley et al. 2021)_EXCLUDE_1_No claim_NA_NA,(Radley et al. 2021) | Megapodius laperouse,citation,Megapodius laperouse,core_sources,2020,2021
(Wallach & Lundgren 2025)_external review without claim,(Wallach & Lundgren 2025) | Potorous tridactylus,(Rees et al. 2024)_INCLUDE_NA_Population not in support_yes_yes,(Rees et al. 2024) | Potorous tridactylus,citation,Potorous tridactylus,core_sources,2022,2024
(IUCN 2025) core source_claim,(IUCN 2025) core source | Cinclodes antarcticus,(Remsen Jr & Bonan 2016)_EXCLUDE_0_Inaccessible_NA_NA,(Remsen Jr & Bonan 2016) | Cinclodes antarcticus,citation,Cinclodes antarcticus,core_sources,2015,2016
(IUCN 2025) core source_claim,(IUCN 2025) core source | Chilabothrus monensis,(Rodríguez-Robles et al. 2015)_EXCLUDE_1_No claim_NA_NA,(Rodríguez-Robles et al. 2015) | Chilabothrus monensis,citation,Chilabothrus monensis,core_sources,2014,2015
(IUCN 2025) core source_claim,(IUCN 2025) core source | Didunculus strigirostris,(Serra et al. 2018)_EXCLUDE_1_Opinion claim_NA_NA,(Serra et al. 2018) | Didunculus strigirostris,citation,Didunculus strigirostris,core_sources,2015,2018
(Doherty et al. 2016) core source_claim,(Doherty et al. 2016) core source | Diplothrix legata,(Shionosaki et al. 2015)_INCLUDE_NA_Predation in support_no_no,(Shionosaki et al. 2015) | Diplothrix legata,citation,Diplothrix legata,core_sources,2014,2015
(Doherty et al. 2016) core source_claim,(Doherty et al. 2016) core source | Tokudaia osimensis,(Shionosaki et al. 2015)_INCLUDE_NA_Predation in support_no_no,(Shionosaki et al. 2015) | Tokudaia osimensis,citation,Tokudaia osimensis,core_sources,2014,2015
(IUCN 2025) core source_claim,(IUCN 2025) core source | Caledoniscincus aquilonius,(Thibault et al. 2017)_EXCLUDE_1_No claim_NA_NA,(Thibault et al. 2017) | Caledoniscincus aquilonius,citation,Caledoniscincus aquilonius,core_sources,2016,2017
(IUCN 2025) core source_claim,(IUCN 2025) core source | Caledoniscincus auratus,(Thibault et al. 2017)_EXCLUDE_1_No claim_NA_NA,(Thibault et al. 2017) | Caledoniscincus auratus,citation,Caledoniscincus auratus,core_sources,2016,2017
(IUCN 2025) core source_claim,(IUCN 2025) core source | Caledoniscincus renevieri,(Thibault et al. 2017)_EXCLUDE_1_No claim_NA_NA,(Thibault et al. 2017) | Caledoniscincus renevieri,citation,Caledoniscincus renevieri,core_sources,2016,2017
(IUCN 2025) core source_claim,(IUCN 2025) core source | Celatiscincus euryotis,(Thibault et al. 2017)_EXCLUDE_1_No claim_NA_NA,(Thibault et al. 2017) | Celatiscincus euryotis,citation,Celatiscincus euryotis,core_sources,2016,2017
(IUCN 2025) core source_claim,(IUCN 2025) core source | Dierogekko kaalaensis,(Thibault et al. 2017)_EXCLUDE_1_No claim_NA_NA,(Thibault et al. 2017) | Dierogekko kaalaensis,citation,Dierogekko kaalaensis,core_sources,2016,2017
(IUCN 2025) core source_claim,(IUCN 2025) core source | Dierogekko koniambo,(Thibault et al. 2017)_EXCLUDE_1_No claim_NA_NA,(Thibault et al. 2017) | Dierogekko koniambo,citation,Dierogekko koniambo,core_sources,2016,2017
(IUCN 2025) core source_claim,(IUCN 2025) core source | Dierogekko nehoueensis,(Thibault et al. 2017)_EXCLUDE_1_No claim_NA_NA,(Thibault et al. 2017) | Dierogekko nehoueensis,citation,Dierogekko nehoueensis,core_sources,2016,2017
(IUCN 2025) core source_claim,(IUCN 2025) core source | Dierogekko thomaswhitei,(Thibault et al. 2017)_EXCLUDE_1_No claim_NA_NA,(Thibault et al. 2017) | Dierogekko thomaswhitei,citation,Dierogekko thomaswhitei,core_sources,2016,2017
(IUCN 2025) core source_claim,(IUCN 2025) core source | Eurydactylodes occidentalis,(Thibault et al. 2017)_EXCLUDE_1_No claim_NA_NA,(Thibault et al. 2017) | Eurydactylodes occidentalis,citation,Eurydactylodes occidentalis,core_sources,2016,2017
(IUCN 2025) core source_claim,(IUCN 2025) core source | Oedodera marmorata,(Thibault et al. 2017)_EXCLUDE_1_No claim_NA_NA,(Thibault et al. 2017) | Oedodera marmorata,citation,Oedodera marmorata,core_sources,2016,2017
(IUCN 2025) core source_claim,(IUCN 2025) core source | Litoria watsoni,(Threatened Species Scientific Committee 2021)_EXCLUDE_0_Opinion claim_NA_NA,(Threatened Species Scientific Committee 2021) | Litoria watsoni,citation,Litoria watsoni,core_sources,2020,2021
(Wallach & Lundgren 2025)_external review without claim,(Wallach & Lundgren 2025) | Dasyurus hallucatus,(Trewella et al. 2023)_INCLUDE_NA_Population not in support_yes_yes,(Trewella et al. 2023) | Dasyurus hallucatus,citation,Dasyurus hallucatus,core_sources,2022,2023
(Welch & Leppanen 2017) core source_claim,(Welch & Leppanen 2017) core source | Pteropus dasymallus,(Vincenot et al. 2017)_INCLUDE_NA_Predation in support_no_no,(Vincenot et al. 2017) | Pteropus dasymallus,citation,Pteropus dasymallus,core_sources,2015,2017
(Radford et al. 2018) core source_claim,(Radford et al. 2018) core source | Bettongia penicillata,(Wayne et al. 2017b)_INCLUDE_NA_Population not in support_yes_no,(Wayne et al. 2017b) | Bettongia penicillata,citation,Bettongia penicillata,core_sources,2016,2017
(Radford et al. 2018) core source_claim,(Radford et al. 2018) core source | Bettongia lesueur,(West et al. 2018)_EXCLUDE_1_Does not test claim_NA_NA,(West et al. 2018) | Bettongia lesueur,citation,Bettongia lesueur,core_sources,2016,2018
(IUCN 2025) core source_claim,(IUCN 2025) core source | Oligosoma hoparatea,(Whitaker et al. 2018)_EXCLUDE_1_Opinion claim_NA_NA,(Whitaker et al. 2018) | Oligosoma hoparatea,citation,Oligosoma hoparatea,core_sources,2017,2018
(IUCN 2025) core source_claim,(IUCN 2025) core source | Bettongia tropica,(Whitehead et al. 2018)_EXCLUDE_1_Opinion claim_NA_NA,(Whitehead et al. 2018) | Bettongia tropica,citation,Bettongia tropica,core_sources,2011,2018
(IUCN 2025) core source_claim,(IUCN 2025) core source | Todiramphus tutus,(Woodall & Kirwan 2019)_EXCLUDE_0_Inaccessible_NA_NA,(Woodall & Kirwan 2019) | Todiramphus tutus,citation,Todiramphus tutus,core_sources,2018,2019
(Hess 2014) core source_claim,(Hess 2014) core source | Phoebastria immutabilis,(Young et al. 2013)_EXCLUDE_1_Opinion claim_NA_NA,(Young et al. 2013) | Phoebastria immutabilis,citation,Phoebastria immutabilis,core_sources,2012,2013
(Doherty et al. 2016) core source_claim,(Doherty et al. 2016) core source | Corvus kubaryi,(Zarones et al. 2015)_INCLUDE_NA_Predation in support_no_no,(Zarones et al. 2015) | Corvus kubaryi,citation,Corvus kubaryi,core_sources,2014,2015
(IUCN 2025) core source_claim,(IUCN 2025) core source | Cinclodes maculirostris,(del Hoyo et al. 2020)_EXCLUDE_0_Inaccessible_NA_NA,(del Hoyo et al. 2020) | Cinclodes maculirostris,citation,Cinclodes maculirostris,core_sources,2019,2020
(IUCN 2025) core source_claim,(IUCN 2025) core source | Anolis brunneus,A. Buckner pers. comm. 2015_EXCLUDE_0_Inaccessible_NA_NA,A. Buckner pers. comm. 2015 | Anolis brunneus,citation,Anolis brunneus,core_sources,2014,2015
(IUCN 2025) core source_claim,(IUCN 2025) core source | Hypotaenidia owstoni,A. Kroner in litt. 2019_EXCLUDE_0_Inaccessible_NA_NA,A. Kroner in litt. 2019 | Hypotaenidia owstoni,citation,Hypotaenidia owstoni,core_sources,2018,2019
(IUCN 2025) core source_claim,(IUCN 2025) core source | Cylindrophis isolepis,A.A.T. Amarasinghe pers. comm. 2019_EXCLUDE_0_Inaccessible_NA_NA,A.A.T. Amarasinghe pers. comm. 2019 | Cylindrophis isolepis,citation,Cylindrophis isolepis,core_sources,2018,2019
(IUCN 2025) core source_claim,(IUCN 2025) core source | Celestus duquesneyi,B. Wilson pers. comm. 2015_EXCLUDE_0_Inaccessible_NA_NA,B. Wilson pers. comm. 2015 | Celestus duquesneyi,citation,Celestus duquesneyi,core_sources,2014,2015
(IUCN 2025) core source_claim,(IUCN 2025) core source | Celestus hewardi,B. Wilson pers. comm. 2015_EXCLUDE_0_Inaccessible_NA_NA,B. Wilson pers. comm. 2015 | Celestus hewardi,citation,Celestus hewardi,core_sources,2014,2015
(IUCN 2025) core source_claim,(IUCN 2025) core source | Celestus microblepharis,B. Wilson pers. comm. 2015_EXCLUDE_0_Inaccessible_NA_NA,B. Wilson pers. comm. 2015 | Celestus microblepharis,citation,Celestus microblepharis,core_sources,2014,2015
(IUCN 2025) core source_claim,(IUCN 2025) core source | Pholidoscelis dorsalis,B. Wilson pers. comm. 2015_EXCLUDE_0_Inaccessible_NA_NA,B. Wilson pers. comm. 2015 | Pholidoscelis dorsalis,citation,Pholidoscelis dorsalis,core_sources,2014,2015
(IUCN 2025) core source_claim,(IUCN 2025) core source | Tropidophis stullae,B. Wilson pers. comm. 2015_EXCLUDE_0_Inaccessible_NA_NA,B. Wilson pers. comm. 2015 | Tropidophis stullae,citation,Tropidophis stullae,core_sources,2013,2015
(IUCN 2025) core source_claim,(IUCN 2025) core source | Vireo gracilirostris,C. Licarião in litt. 2024_EXCLUDE_0_Inaccessible_NA_NA,C. Licarião in litt. 2024 | Vireo gracilirostris,citation,Vireo gracilirostris,core_sources,2023,2024
(IUCN 2025) core source_claim,(IUCN 2025) core source | Microlophus bivittatus,C. Marquez and D. Cisneros-Heredia pers. comm. 2014_EXCLUDE_0_Inaccessible_NA_NA,C. Marquez and D. Cisneros-Heredia pers. comm. 2014 | Microlophus bivittatus,citation,Microlophus bivittatus,core_sources,2013,2014
(IUCN 2025) core source_claim,(IUCN 2025) core source | Crocidura canariensis,C. Schuster pers. comm. 2022_EXCLUDE_0_Inaccessible_NA_NA,C. Schuster pers. comm. 2022 | Crocidura canariensis,citation,Crocidura canariensis,core_sources,2021,2022
(IUCN 2025) core source_claim,(IUCN 2025) core source | Rhynchortyx cinctus,D. F. Cisneros-Heredia in litt. 2022_EXCLUDE_0_Inaccessible_NA_NA,D. F. Cisneros-Heredia in litt. 2022 | Rhynchortyx cinctus,citation,Rhynchortyx cinctus,core_sources,2020,2022
(IUCN 2025) core source_claim,(IUCN 2025) core source | Rattus detentus,"D. Fisher, N. Whitmore and A. Gazzard pers. comm. 2024_EXCLUDE_0_Inaccessible_NA_NA","D. Fisher, N. Whitmore and A. Gazzard pers. comm. 2024 | Rattus detentus",citation,Rattus detentus,core_sources,2023,2024
(IUCN 2025) core source_claim,(IUCN 2025) core source | Sephanoides fernandensis,E. Hagen in litt. 2020_EXCLUDE_0_Inaccessible_NA_NA,E. Hagen in litt. 2020 | Sephanoides fernandensis,citation,Sephanoides fernandensis,core_sources,2019,2020
(IUCN 2025) core source_claim,(IUCN 2025) core source | Eupsophus insularis,"G. Lobos, A. Charrier and M. Vidal pers. comm. May 2018_EXCLUDE_0_Inaccessible_NA_NA","G. Lobos, A. Charrier and M. Vidal pers. comm. May 2018 | Eupsophus insularis",citation,Eupsophus insularis,core_sources,2017,2018
(IUCN 2025) core source_claim,(IUCN 2025) core source | Pampusana canifrons,G. McKinlay in litt. 2018_EXCLUDE_0_Inaccessible_NA_NA,G. McKinlay in litt. 2018 | Pampusana canifrons,citation,Pampusana canifrons,core_sources,2017,2018
(IUCN 2025) core source_claim,(IUCN 2025) core source | Cnemidophorus rostralis,G. Rivas pers. comm. 2018_EXCLUDE_0_Inaccessible_NA_NA,G. Rivas pers. comm. 2018 | Cnemidophorus rostralis,citation,Cnemidophorus rostralis,core_sources,2013,2018
(IUCN 2025) core source_claim,(IUCN 2025) core source | Diomedea epomophora,I. Debski in litt. 2018_EXCLUDE_?_Inaccessible_NA_NA,I. Debski in litt. 2018 | Diomedea epomophora,citation,Diomedea epomophora,core_sources,2017,2018
(IUCN 2025) core source_claim,(IUCN 2025) core source | Phyllodactylus sentosus,J. Pérez pers. comm. 2016_EXCLUDE_0_Inaccessible_NA_NA,J. Pérez pers. comm. 2016 | Phyllodactylus sentosus,citation,Phyllodactylus sentosus,core_sources,2013,2016
(IUCN 2025) core source_claim,(IUCN 2025) core source | Cubophis brooksi,J. Townsend pers. comm. 2020_EXCLUDE_0_Inaccessible_NA_NA,J. Townsend pers. comm. 2020 | Cubophis brooksi,citation,Cubophis brooksi,core_sources,2019,2020
(IUCN 2025) core source_claim,(IUCN 2025) core source | Sphaerodactylus beattyi,"J. Valiulis, pers. comm. 2015_EXCLUDE_0_Inaccessible_NA_NA","J. Valiulis, pers. comm. 2015 | Sphaerodactylus beattyi",citation,Sphaerodactylus beattyi,core_sources,2014,2015
(IUCN 2025) core source_claim,(IUCN 2025) core source | Lerista puncticauda,J. Woinarski pers. comm. 2017_EXCLUDE_0_Inaccessible_NA_NA,J. Woinarski pers. comm. 2017 | Lerista puncticauda,citation,Lerista puncticauda,core_sources,2016,2017
(IUCN 2025) core source_claim,(IUCN 2025) core source | Melopyrrha grandis,L. Bonaparte in litt. 2022_EXCLUDE_0_Inaccessible_NA_NA,L. Bonaparte in litt. 2022 | Melopyrrha grandis,citation,Melopyrrha grandis,core_sources,2021,2022
(IUCN 2025) core source_claim,(IUCN 2025) core source | Metabolus rugensis,M. O'Brien in litt. 2023_EXCLUDE_0_Inaccessible_NA_NA,M. O'Brien in litt. 2023 | Metabolus rugensis,citation,Metabolus rugensis,core_sources,2022,2023
(IUCN 2025) core source_claim,(IUCN 2025) core source | Melopyrrha grandis,M. Ryan in litt. 2022_EXCLUDE_0_Inaccessible_NA_NA,M. Ryan in litt. 2022 | Melopyrrha grandis,citation,Melopyrrha grandis,core_sources,2021,2022
(IUCN 2025) core source_claim,(IUCN 2025) core source | Cyrtodactylus khelangensis,M. Sumontha pers. comm. 2017_EXCLUDE_0_Inaccessible_NA_NA,M. Sumontha pers. comm. 2017 | Cyrtodactylus khelangensis,citation,Cyrtodactylus khelangensis,core_sources,2016,2017
(IUCN 2025) core source_claim,(IUCN 2025) core source | Galvarinus chilensis,N. Sallaberry pers comm. 2015_EXCLUDE_0_Inaccessible_NA_NA,N. Sallaberry pers comm. 2015 | Galvarinus chilensis,citation,Galvarinus chilensis,core_sources,2014,2015
(IUCN 2025) core source_claim,(IUCN 2025) core source | Melopyrrha grandis,P. Feldmann in litt. 2022_EXCLUDE_0_Inaccessible_NA_NA,P. Feldmann in litt. 2022 | Melopyrrha grandis,citation,Melopyrrha grandis,core_sources,2021,2022
(IUCN 2025) core source_claim,(IUCN 2025) core source | Sephanoides fernandensis,P. Hodum in litt. 2020_EXCLUDE_0_Inaccessible_NA_NA,P. Hodum in litt. 2020 | Sephanoides fernandensis,citation,Sephanoides fernandensis,core_sources,2019,2020
(IUCN 2025) core source_claim,(IUCN 2025) core source | Numenius tahitiensis,P. Raust in litt. 2020_EXCLUDE_0_Inaccessible_NA_NA,P. Raust in litt. 2020 | Numenius tahitiensis,citation,Numenius tahitiensis,core_sources,2019,2020
(IUCN 2025) core source_claim,(IUCN 2025) core source | Emoia adspersa,R. Fisher pers. comm. 2012_EXCLUDE_0_Inaccessible_NA_NA,R. Fisher pers. comm. 2012 | Emoia adspersa,citation,Emoia adspersa,core_sources,2010,2012
(IUCN 2025) core source_claim,(IUCN 2025) core source | Emoia tuitarere,R. Fisher pers. comm. 2012_EXCLUDE_0_Inaccessible_NA_NA,R. Fisher pers. comm. 2012 | Emoia tuitarere,citation,Emoia tuitarere,core_sources,2010,2012
(IUCN 2025) core source_claim,(IUCN 2025) core source | Emoia concolor,R. Fisher pers. comm. 2013_EXCLUDE_0_Inaccessible_NA_NA,R. Fisher pers. comm. 2013 | Emoia concolor,citation,Emoia concolor,core_sources,2010,2013
(IUCN 2025) core source_claim,(IUCN 2025) core source | Lepidodactylus euaensis,R. Fisher pers. comm. 2020_EXCLUDE_0_Inaccessible_NA_NA,R. Fisher pers. comm. 2020 | Lepidodactylus euaensis,citation,Lepidodactylus euaensis,core_sources,2019,2020
(IUCN 2025) core source_claim,(IUCN 2025) core source | Mabuya cochonae,R. Gomès pers. comm. 2018_EXCLUDE_0_Inaccessible_NA_NA,R. Gomès pers. comm. 2018 | Mabuya cochonae,citation,Mabuya cochonae,core_sources,2014,2018
(IUCN 2025) core source_claim,(IUCN 2025) core source | Mokopirirakau nebulosus,R. Hitchmough pers. comm. 2019_EXCLUDE_0_Inaccessible_NA_NA,R. Hitchmough pers. comm. 2019 | Mokopirirakau nebulosus,citation,Mokopirirakau nebulosus,core_sources,2017,2019
(IUCN 2025) core source_claim,(IUCN 2025) core source | Oligosoma homalonotum,R. Hitchmough pers. comm. 2019_EXCLUDE_0_Inaccessible_NA_NA,R. Hitchmough pers. comm. 2019 | Oligosoma homalonotum,citation,Oligosoma homalonotum,core_sources,2017,2019
(IUCN 2025) core source_claim,(IUCN 2025) core source | Liopholis kintorei,R. Paltridge pers. comm. 2017_EXCLUDE_0_Inaccessible_NA_NA,R. Paltridge pers. comm. 2017 | Liopholis kintorei,citation,Liopholis kintorei,core_sources,2016,2017
(IUCN 2025) core source_claim,(IUCN 2025) core source | Leiocephalus eremitus,R. Powell pers. comm. 2015_EXCLUDE_0_Inaccessible_NA_NA,R. Powell pers. comm. 2015 | Leiocephalus eremitus,citation,Leiocephalus eremitus,core_sources,2014,2015
(IUCN 2025) core source_claim,(IUCN 2025) core source | Leiocephalus eremitus,R. Powell pers. comm. 2016_EXCLUDE_0_Inaccessible_NA_NA,R. Powell pers. comm. 2016 | Leiocephalus eremitus,citation,Leiocephalus eremitus,core_sources,2014,2016
(IUCN 2025) core source_claim,(IUCN 2025) core source | Vireo gracilirostris,R. Subirá in litt. 2024_EXCLUDE_0_Inaccessible_NA_NA,R. Subirá in litt. 2024 | Vireo gracilirostris,citation,Vireo gracilirostris,core_sources,2023,2024
(IUCN 2025) core source_claim,(IUCN 2025) core source | Chioninia stangeri,R. Vasconcelos pers. comm. 2012_EXCLUDE_0_Inaccessible_NA_NA,R. Vasconcelos pers. comm. 2012 | Chioninia stangeri,citation,Chioninia stangeri,core_sources,2011,2012
(IUCN 2025) core source_claim,(IUCN 2025) core source | Celestus molesworthi,S.B. Hedges and B. Wilson pers. comm. 2015_EXCLUDE_0_Inaccessible_NA_NA,S.B. Hedges and B. Wilson pers. comm. 2015 | Celestus molesworthi,citation,Celestus molesworthi,core_sources,2014,2015
(IUCN 2025) core source_claim,(IUCN 2025) core source | Hypsirhynchus polylepis,S.B. Hedges pers. comm. 2015_EXCLUDE_0_Inaccessible_NA_NA,S.B. Hedges pers. comm. 2015 | Hypsirhynchus polylepis,citation,Hypsirhynchus polylepis,core_sources,2014,2015
(IUCN 2025) core source_claim,(IUCN 2025) core source | Sphaerodactylus mariguanae,S.B. Hedges pers. comm. 2016_EXCLUDE_0_Inaccessible_NA_NA,S.B. Hedges pers. comm. 2016 | Sphaerodactylus mariguanae,citation,Sphaerodactylus mariguanae,core_sources,2014,2016
(IUCN 2025) core source_claim,(IUCN 2025) core source | Tropidophis stullae,S.B. Hedges pers. comm. 2016_EXCLUDE_0_Inaccessible_NA_NA,S.B. Hedges pers. comm. 2016 | Tropidophis stullae,citation,Tropidophis stullae,core_sources,2013,2016
(IUCN 2025) core source_claim,(IUCN 2025) core source | Sphaerodactylus inaguae,S.D. Buckner pers. comm. 2015_EXCLUDE_0_Inaccessible_NA_NA,S.D. Buckner pers. comm. 2015 | Sphaerodactylus inaguae,citation,Sphaerodactylus inaguae,core_sources,2014,2015
(IUCN 2025) core source_claim,(IUCN 2025) core source | Sphaerodactylus mariguanae,S.D. Buckner pers. comm. 2015_EXCLUDE_0_Inaccessible_NA_NA,S.D. Buckner pers. comm. 2015 | Sphaerodactylus mariguanae,citation,Sphaerodactylus mariguanae,core_sources,2014,2015
(IUCN 2025) core source_claim,(IUCN 2025) core source | Sphaerodactylus mariguanae,S.D. Buckner pers. comm. 2016_EXCLUDE_0_Inaccessible_NA_NA,S.D. Buckner pers. comm. 2016 | Sphaerodactylus mariguanae,citation,Sphaerodactylus mariguanae,core_sources,2014,2016
(IUCN 2025) core source_claim,(IUCN 2025) core source | Raorchestes tinniens,S.R. Ganesh and S.R. Chandramouli pers. comm. October 2020_EXCLUDE_0_Inaccessible_NA_NA,S.R. Ganesh and S.R. Chandramouli pers. comm. October 2020 | Raorchestes tinniens,citation,Raorchestes tinniens,core_sources,2019,2020
