class,scientificName,Evidence_category,no,yes,total,percent_not_in_support
Amphibians,Atelopus guanujo,Predation without data,0,1,1,0
Amphibians,Litoria raniformis,Predation without data,0,1,1,0
Amphibians,Raorchestes primarrumpfi,Predation without data,0,1,1,0
Amphibians,Raorchestes tinniens,Predation without data,0,1,1,0
Birds,Amazona barbadensis,Predation without data,0,1,1,0
Birds,Amytornis dorotheae,Predation without data,1,0,1,100
Birds,Anairetes fernandezianus,Predation without data,0,1,1,0
Birds,Anas chlorotis,Population without data,0,1,1,0
Birds,Anas chlorotis,Predation without data,1,1,2,50
Birds,Anas wyvilliana,Predation without data,0,1,1,0
Birds,Apteryx australis,Population with data,0,1,1,0
Birds,Apteryx australis,Predation without data,2,4,6,33.3333333333333
Birds,Apteryx mantelli,Predation without data,0,2,2,0
Birds,Botaurus poiciloptilus,Predation without data,0,1,1,0
Birds,Branta sandvicensis,Predation without data,0,3,3,0
Birds,Calonectris leucomelas,Predation without data,0,4,4,0
Birds,Charadrius bicinctus,Population with data,1,0,1,100
Birds,Charadrius bicinctus,Predation without data,0,2,2,0
Birds,Charadrius obscurus,Predation without data,1,1,2,50
Birds,Charadrius sanctaehelenae,Population with data of quality,1,1,2,50
Birds,Charadrius sanctaehelenae,Predation without data,0,2,2,0
Birds,Chasiempis ibidis,Predation without data,1,0,1,100
Birds,Chasiempis sandwichensis,Predation without data,0,1,1,0
Birds,Chlidonias albostriatus,Predation without data,0,5,5,0
Birds,Coenocorypha aucklandica,Population with data,3,0,3,100
Birds,Coenocorypha aucklandica,Population without data,1,1,2,50
Birds,Coenocorypha barrierensis,Population without data,2,0,2,100
Birds,Coenocorypha pusilla,Population with data,0,2,2,0
Birds,Columba junoniae,Predation without data,0,1,1,0
Birds,Corvus hawaiiensis,Predation without data,0,1,1,0
Birds,Corvus kubaryi,Predation without data,0,1,1,0
Birds,Cyanoramphus auriceps,Predation without data,0,1,1,0
Birds,Diomedea amsterdamensis,Predation without data,1,0,1,100
Birds,Diomedea exulans,Population with data of quality,0,1,1,0
Birds,Diomedea exulans,Population without data,0,1,1,0
Birds,Diomedea exulans,Predation without data,0,2,2,0
Birds,Elanus scriptus,Population with data,1,0,1,100
Birds,Falco punctatus,Predation without data,0,1,1,0
Birds,Fringilla teydea,Predation without data,0,1,1,0
Birds,Geokichla guttata,Predation without data,0,1,1,0
Birds,Gymnomyza samoensis,Predation without data,1,0,1,100
Birds,Haematopus chathamensis,Predation without data,0,1,1,0
Birds,Himantopus novaezelandiae,Predation without data,0,2,2,0
Birds,Hydrobates leucorhous,Predation without data,0,1,1,0
Birds,Hydrobates macrodactylus,Predation without data,0,1,1,0
Birds,Hymenolaimus malacorhynchos,Predation without data,0,1,1,0
Birds,Hypotaenidia sylvestris,Predation without data,1,0,1,100
Birds,Lanius ludovicianus,Population with data,1,0,1,100
Birds,Leipoa ocellata,Predation without data,0,4,4,0
Birds,Lophotibis cristata,Population with data of quality,0,1,1,0
Birds,Loxioides bailleui,Predation without data,2,6,8,25
Birds,Megadyptes antipodes,Population with data,0,2,2,0
Birds,Megadyptes antipodes,Predation without data,3,1,4,75
Birds,Megapodius laperouse,Predation without data,0,1,1,0
Birds,Megapodius nicobariensis,Predation without data,0,1,1,0
Birds,Microgoura meeki,Predation without data,0,2,2,0
Birds,Mimus graysoni,Population with data,1,0,1,100
Birds,Mimus graysoni,Predation without data,2,1,3,66.6666666666667
Birds,Mimus melanotis,Predation without data,1,0,1,100
Birds,Mimus trifasciatus,Predation without data,1,0,1,100
Birds,Mundia elpenor,Population with data,1,0,1,100
Birds,Myadestes obscurus,Predation without data,0,1,1,0
Birds,Nesoenas duboisi,Population with data,0,1,1,0
Birds,Nesofregetta fuliginosa,Population with data,1,0,1,100
Birds,Numenius tahitiensis,Population with data,0,1,1,0
Birds,Numenius tahitiensis,Population with data of quality,0,1,1,0
Birds,Numenius tahitiensis,Predation without data,0,1,1,0
Birds,Pampusana erythroptera,Population with data of quality,0,1,1,0
Birds,Passer italiae,Predation without data,0,1,1,0
Birds,Petroica multicolor,Predation without data,0,1,1,0
Birds,Pezophaps solitaria,Population with data,0,1,1,0
Birds,Pezoporus occidentalis,Population without data,0,1,1,0
Birds,Pezoporus occidentalis,Predation without data,1,1,2,50
Birds,Pipilo socorroensis,Predation without data,1,0,1,100
Birds,Procellaria aequinoctialis,Population with data,1,2,3,33.3333333333333
Birds,Procellaria aequinoctialis,Population with data of quality,0,1,1,0
Birds,Procellaria aequinoctialis,Predation without data,1,3,4,25
Birds,Procellaria cinerea,Population with data,1,0,1,100
Birds,Procellaria cinerea,Population without data,1,0,1,100
Birds,Procellaria parkinsoni,Predation without data,0,2,2,0
Birds,Procellaria westlandica,Predation without data,0,1,1,0
Birds,Prosobonia cancellata,Population with data of quality,0,2,2,0
Birds,Pseudobulweria rostrata,Predation without data,0,1,1,0
Birds,Psittirostra psittacea,Predation without data,0,1,1,0
Birds,Pterodroma baraui,Predation without data,0,1,1,0
Birds,Pterodroma brevipes,Predation without data,1,1,2,50
Birds,Pterodroma cookii,Population with data,1,0,1,100
Birds,Pterodroma cookii,Predation without data,0,2,2,0
Birds,Pterodroma externa,Predation without data,0,1,1,0
Birds,Pterodroma feae,Predation without data,1,3,4,25
Birds,Pterodroma leucoptera,Predation without data,0,2,2,0
Birds,Pterodroma longirostris,Predation without data,0,1,1,0
Birds,Pterodroma madeira,Predation without data,0,2,2,0
Birds,Pterodroma phaeopygia,Predation without data,1,1,2,50
Birds,Pterodroma rupinarum,Population with data,1,0,1,100
Birds,Pterodroma sandwichensis,Population with data of quality,0,1,1,0
Birds,Pterodroma sandwichensis,Predation without data,0,5,5,0
Birds,Ptychoramphus aleuticus,Population without data,0,1,1,0
Birds,Ptychoramphus aleuticus,Predation without data,0,2,2,0
Birds,Puffinus auricularis,Predation without data,0,3,3,0
Birds,Puffinus mauretanicus,Predation without data,0,1,1,0
Birds,Puffinus newelli,Predation without data,0,3,3,0
Birds,Puffinus opisthomelas,Predation without data,0,2,2,0
Birds,Puffinus yelkouan,Population with data,0,1,1,0
Birds,Puffinus yelkouan,Population with data of quality,1,0,1,100
Birds,Puffinus yelkouan,Predation without data,0,5,5,0
Birds,Pyrrhula murina,Predation without data,0,1,1,0
Birds,Rhynochetos jubatus,Predation without data,1,1,2,50
Birds,Sephanoides fernandensis,Predation without data,0,2,2,0
Birds,Spheniscus demersus,Predation without data,0,3,3,0
Birds,Spheniscus mendiculus,Predation without data,0,1,1,0
Birds,Sternula nereis,Predation without data,0,1,1,0
Birds,Strigops habroptilus,Predation without data,0,4,4,0
Birds,Synthliboramphus craveri,Predation without data,1,0,1,100
Birds,Synthliboramphus hypoleucus,Predation without data,0,3,3,0
Birds,Synthliboramphus scrippsi,Predation without data,1,0,1,100
Birds,Thinornis cucullatus,Predation without data,0,1,1,0
Birds,Traversia lyalli,Population without data,0,1,1,0
Birds,Traversia lyalli,Predation without data,0,1,1,0
Birds,Turnix olivii,Predation without data,1,0,1,100
Birds,Vini peruviana,Population with data of quality,1,0,1,100
Birds,Zenaida graysoni,Population with data,1,0,1,100
Mammals,Antechinus bellus,Population with data,0,1,1,0
Mammals,Bettongia anhydra,Population with data,0,1,1,0
Mammals,Bettongia gaimardi,Population with data,0,2,2,0
Mammals,Bettongia gaimardi,Population with data of quality,1,0,1,100
Mammals,Bettongia gaimardi,Predation without data,1,0,1,100
Mammals,Bettongia lesueur,Population with data,0,2,2,0
Mammals,Bettongia lesueur,Predation without data,1,5,6,16.6666666666667
Mammals,Bettongia penicillata,Population with data,1,1,2,50
Mammals,Bettongia penicillata,Predation without data,0,10,10,0
Mammals,Bettongia tropica,Population with data,0,1,1,0
Mammals,Bettongia tropica,Population with data of quality,1,0,1,100
Mammals,Burramys parvus,Predation without data,0,1,1,0
Mammals,Caloprymnus campestris,Population with data,0,1,1,0
Mammals,Chaeropus ecaudatus,Population with data,0,1,1,0
Mammals,Chalinolobus neocaledonicus,Predation without data,0,1,1,0
Mammals,Chalinolobus tuberculatus,Predation without data,0,4,4,0
Mammals,Conilurus albipes,Population with data,1,0,1,100
Mammals,Conilurus penicillatus,Population with data,0,1,1,0
Mammals,Conilurus penicillatus,Population with data of quality,0,3,3,0
Mammals,Dasycercus cristicauda,Population with data,1,2,3,33.3333333333333
Mammals,Dasycercus cristicauda,Predation without data,0,4,4,0
Mammals,Dasyurus geoffroii,Population with data,2,1,3,66.6666666666667
Mammals,Dasyurus geoffroii,Predation without data,0,4,4,0
Mammals,Dasyurus hallucatus,Population with data,1,0,1,100
Mammals,Dasyurus hallucatus,Population with data of quality,2,1,3,66.6666666666667
Mammals,Dasyurus hallucatus,Predation without data,0,6,6,0
Mammals,Dasyurus spartacus,Predation without data,0,1,1,0
Mammals,Dasyurus viverrinus,Population with data,0,1,1,0
Mammals,Dasyurus viverrinus,Population with data of quality,1,1,2,50
Mammals,Dasyurus viverrinus,Predation without data,3,1,4,75
Mammals,Diplothrix legata,Predation without data,0,1,1,0
Mammals,Eliomys quercinus,Predation without data,0,1,1,0
Mammals,Eupleres goudotii,Population with data,0,1,1,0
Mammals,Geocapromys brownii,Population with data,1,0,1,100
Mammals,Isoodon auratus,Population with data,0,1,1,0
Mammals,Isoodon auratus,Predation without data,2,3,5,40
Mammals,Lagorchestes asomatus,Population with data,0,1,1,0
Mammals,Lagostrophus fasciatus,Population with data,0,1,1,0
Mammals,Lagostrophus fasciatus,Predation without data,0,1,1,0
Mammals,Leporillus apicalis,Population with data,0,1,1,0
Mammals,Leporillus conditor,Population with data,1,0,1,100
Mammals,Leporillus conditor,Predation without data,0,1,1,0
Mammals,Macrotis lagotis,Population with data,3,1,4,75
Mammals,Macrotis lagotis,Population with data of quality,3,0,3,100
Mammals,Macrotis lagotis,Population without data,1,1,2,50
Mammals,Macrotis lagotis,Predation without data,3,9,12,25
Mammals,Macrotis leucura,Population with data,0,1,1,0
Mammals,Mastacomys fuscus,Predation without data,0,1,1,0
Mammals,Mesembriomys gouldii,Population with data of quality,1,1,2,50
Mammals,Mesembriomys gouldii,Predation without data,0,1,1,0
Mammals,Myotis vivesi,Population with data of quality,1,0,1,100
Mammals,Myotis vivesi,Predation without data,0,1,1,0
Mammals,Myrmecobius fasciatus,Population with data,0,1,1,0
Mammals,Myrmecobius fasciatus,Predation without data,0,1,1,0
Mammals,Mystacina tuberculata,Predation without data,0,5,5,0
Mammals,Nesoryzomys darwini,Population without data,0,1,1,0
Mammals,Nesoryzomys indefessus,Population without data,0,1,1,0
Mammals,Notomys amplus,Population with data,0,1,1,0
Mammals,Notomys fuscus,Population with data,0,2,2,0
Mammals,Notomys fuscus,Population with data of quality,3,0,3,100
Mammals,Notomys fuscus,Predation without data,0,3,3,0
Mammals,Notomys longicaudatus,Population with data,1,0,1,100
Mammals,Notomys macrotis,Population with data,1,0,1,100
Mammals,Notomys mordax,Population with data,1,0,1,100
Mammals,Onychogalea fraenata,Population with data,0,1,1,0
Mammals,Onychogalea fraenata,Predation without data,1,4,5,20
Mammals,Onychogalea lunata,Population with data,0,1,1,0
Mammals,Parantechinus apicalis,Population with data,1,1,2,50
Mammals,Parantechinus apicalis,Predation without data,0,1,1,0
Mammals,Pentalagus furnessi,Population without data,0,1,1,0
Mammals,Pentalagus furnessi,Predation without data,0,2,2,0
Mammals,Perameles bougainville,Population with data,0,1,1,0
Mammals,Perameles bougainville,Predation without data,1,1,2,50
Mammals,Perameles eremiana,Population with data,0,1,1,0
Mammals,Peromyscus guardia,Predation without data,0,1,1,0
Mammals,Peromyscus pseudocrinitus,Population with data,1,0,1,100
Mammals,Peromyscus pseudocrinitus,Predation without data,0,1,1,0
Mammals,Petrogale lateralis,Predation without data,2,2,4,50
Mammals,Petrogale penicillata,Predation without data,0,1,1,0
Mammals,Phascogale calura,Population without data,1,0,1,100
Mammals,Phascogale calura,Predation without data,0,1,1,0
Mammals,Phascogale pirata,Population with data,1,0,1,100
Mammals,Phascogale pirata,Population without data,0,1,1,0
Mammals,Phascogale tapoatafa,Population with data,1,0,1,100
Mammals,Phascogale tapoatafa,Predation without data,0,1,1,0
Mammals,Pipistrellus maderensis,Predation without data,0,1,1,0
Mammals,Potorous tridactylus,Population with data,2,0,2,100
Mammals,Potorous tridactylus,Population with data of quality,6,0,6,100
Mammals,Potorous tridactylus,Predation without data,0,3,3,0
Mammals,Pseudocheirus occidentalis,Population with data,1,0,1,100
Mammals,Pseudocheirus occidentalis,Predation without data,0,2,2,0
Mammals,Pseudomys australis,Population with data,2,2,4,50
Mammals,Pseudomys australis,Population without data,0,1,1,0
Mammals,Pseudomys australis,Predation without data,0,1,1,0
Mammals,Pseudomys fieldi,Population with data,1,0,1,100
Mammals,Pseudomys fumeus,Predation without data,0,1,1,0
Mammals,Pseudomys glaucus,Population with data,0,1,1,0
Mammals,Pseudomys novaehollandiae,Predation without data,1,0,1,100
Mammals,Pseudomys oralis,Predation without data,0,1,1,0
Mammals,Pteropus dasymallus,Predation without data,0,1,1,0
Mammals,Pteropus melanotus,Predation without data,0,1,1,0
Mammals,Pteropus ornatus,Predation without data,0,1,1,0
Mammals,Pteropus vetula,Predation without data,0,1,1,0
Mammals,Reithrodontomys raviventris,Predation without data,0,1,1,0
Mammals,Salanoia concolor,Population with data,0,1,1,0
Mammals,Setonix brachyurus,Population with data of quality,1,0,1,100
Mammals,Setonix brachyurus,Predation without data,0,2,2,0
Mammals,Sminthopsis bindi,Predation without data,0,1,1,0
Mammals,Sminthopsis butleri,Population with data of quality,0,1,1,0
Mammals,Sminthopsis douglasi,Predation without data,1,4,5,20
Mammals,Sylvilagus mansuetus,Predation without data,0,1,1,0
Mammals,Tokudaia muenninki,Predation without data,0,1,1,0
Mammals,Tokudaia osimensis,Predation without data,0,1,1,0
Mammals,Zyzomys maini,Population with data of quality,0,1,1,0
Mammals,Zyzomys pedunculatus,Predation without data,0,1,1,0
Reptiles,Amblyrhynchus cristatus,Predation without data,0,1,1,0
Reptiles,Ameiva provitaae,Predation without data,0,1,1,0
Reptiles,Antillotyphlops monastus,Predation without data,0,1,1,0
Reptiles,Brachylophus vitiensis,Population without data,0,1,1,0
Reptiles,Brachylophus vitiensis,Predation without data,0,1,1,0
Reptiles,Caledoniscincus aquilonius,Predation without data,0,1,1,0
Reptiles,Caledoniscincus auratus,Predation without data,0,1,1,0
Reptiles,Caledoniscincus orestes,Predation without data,0,1,1,0
Reptiles,Celatiscincus similis,Predation without data,0,1,1,0
Reptiles,Chelonoidis niger,Population with data,1,0,1,100
Reptiles,Chelonoidis niger,Predation without data,0,1,1,0
Reptiles,Chilabothrus chrysogaster,Predation without data,0,1,1,0
Reptiles,Chilabothrus subflavus,Predation without data,0,1,1,0
Reptiles,Cnemaspis thachanaensis,Predation without data,0,1,1,0
Reptiles,Conolophus subcristatus,Population with data,0,2,2,0
Reptiles,Conolophus subcristatus,Predation without data,0,1,1,0
Reptiles,Crotalus catalinensis,Predation without data,0,1,1,0
Reptiles,Ctenosaura oedirhina,Predation without data,1,0,1,100
Reptiles,Cyclura carinata,Population with data of quality,0,1,1,0
Reptiles,Cyclura carinata,Predation without data,0,1,1,0
Reptiles,Cyclura collei,Predation without data,0,1,1,0
Reptiles,Cyclura lewisi,Predation without data,0,1,1,0
Reptiles,Cyclura pinguis,Predation without data,0,1,1,0
Reptiles,Cyclura stejnegeri,Predation without data,0,1,1,0
Reptiles,Cyrtodactylus soba,Predation without data,0,1,1,0
Reptiles,Emoia loyaltiensis,Predation without data,0,1,1,0
Reptiles,Gallotia intermedia,Predation without data,0,2,2,0
Reptiles,Gallotia simonyi,Predation without data,0,1,1,0
Reptiles,Kanakysaurus viviparus,Predation without data,0,1,1,0
Reptiles,Kanakysaurus zebratus,Predation without data,0,1,1,0
Reptiles,Leiocephalus psammodromus,Predation without data,0,1,1,0
Reptiles,Lerista puncticauda,Predation without data,0,1,1,0
Reptiles,Liolaemus martorii,Predation without data,0,1,1,0
Reptiles,Liolaemus paulinae,Predation without data,0,1,1,0
Reptiles,Liopholis kintorei,Predation without data,0,1,1,0
Reptiles,Lioscincus steindachneri,Predation without data,0,1,1,0
Reptiles,Lioscincus vivae,Predation without data,0,1,1,0
Reptiles,Lygodactylus insularis,Predation without data,0,1,1,0
Reptiles,Marmorosphax taom,Predation without data,0,1,1,0
Reptiles,Nannoscincus hanchisteus,Predation without data,0,1,1,0
Reptiles,Oligosoma grande,Predation without data,0,1,1,0
Reptiles,Oligosoma otagense,Predation without data,0,1,1,0
Reptiles,Phasmasaurus maruia,Predation without data,0,1,1,0
Reptiles,Phasmasaurus tillieri,Predation without data,0,1,1,0
Reptiles,Plestiodon longirostris,Population with data of quality,0,1,1,0
Reptiles,Podarcis lilfordi,Predation without data,0,1,1,0
Reptiles,Sauromalus klauberi,Population without data,1,0,1,100
Reptiles,Tropidophis schwartzi,Predation without data,0,1,1,0
Reptiles,Urosaurus auriculatus,Predation without data,0,1,1,0
